epoch,time,train_loss,val_loss,train_ppl,val_ppl,val_bpc,train_bpc,memalloc_Gb,memcache_Gb,max_memalloc_Gb,max_memcache_Gb,asgd_triggered
1,388.9128518104553,6.508865519270911,6.512987344155701,671.0646756395261,673.8363950657707,9.39625454278601,9.390308006465311,0.431330304,4.879286272,4.75539712,4.879286272,False
2,391.46279740333557,6.423654959005879,6.432876333040631,616.2513764877208,621.960342731784,9.280678784329698,9.26737515373958,0.351638528,4.879286272,4.75539712,4.879286272,False
3,389.81882071495056,6.345109869090723,6.361315037908676,569.6999786957117,579.0072724800312,9.177437658723235,9.154058542032805,0.351638528,4.879286272,4.75539712,4.879286272,False
4,389.29440784454346,6.256032463525866,6.277458342750577,521.1471625234442,532.4336786818317,9.056458020473308,9.025547010769133,0.351638528,4.879286272,4.75539712,4.879286272,False
5,386.2387092113495,6.158435256493457,6.182516452772752,472.68786060265796,484.2089133657897,8.919485826629675,8.884744004178861,0.351638528,4.879286272,4.75539712,4.879286272,False
6,386.45880222320557,6.065075458664218,6.094892812609381,430.5551655641029,443.586495749829,8.793071635501342,8.750054286832222,0.351638528,4.879286272,4.75539712,4.879286272,False
7,386.1550419330597,5.977962622579145,6.01493719544293,394.6355270389105,409.500119635363,8.677720063124085,8.624377030214516,0.351638528,4.879286272,4.75539712,4.879286272,False
8,385.8859944343567,5.904390704964828,5.945295636492885,366.64376349237375,381.9522636354896,8.57724853138708,8.518235189523649,0.351638528,4.879286272,4.75539712,4.879286272,False
9,386.7024121284485,5.834704661518052,5.884945133432709,341.96372408779047,359.58303836838996,8.49018115990701,8.417699480223812,0.351638528,4.879286272,4.75539712,4.879286272,False
10,386.8666214942932,5.775571635851279,5.831322166891902,322.32863666985537,340.80898767455216,8.412819572000831,8.332388557341599,0.351638528,4.880334848,4.75539712,4.880334848,False
11,386.3185954093933,5.722850731404002,5.781856748706641,305.775365104917,324.36088830333546,8.341456058489456,8.256328369944331,0.351638528,4.880334848,4.75539712,4.880334848,False
12,387.3514471054077,5.674735170927739,5.741235610557372,291.41115417983104,311.4490030056762,8.282852143926242,8.186912289455632,0.351638528,4.880334848,4.75539712,4.880334848,False
13,390.7176835536957,5.627606755322094,5.698251852667167,277.9960084022015,298.34539312343753,8.22083968957927,8.118920357976416,0.351638528,4.880334848,4.75539712,4.880334848,False
14,392.34612703323364,5.58575814495185,5.6611330083045726,266.6023293496266,287.4741687298228,8.167288516893827,8.05854557532717,0.351638528,4.880334848,4.75539712,4.880334848,False
15,391.97356843948364,5.546502651352206,5.627810974964321,256.3394778489042,278.0527864449764,8.11921498464151,8.001911869383315,0.351638528,4.880334848,4.75539712,4.880334848,False
16,390.6177101135254,5.507966273064403,5.5958942228906485,246.64899993115273,269.3183731003121,8.073168844703538,7.94631562753368,0.351638528,4.880334848,4.75539712,4.880334848,False
17,391.69345450401306,5.478358452773398,5.570348017578498,239.45331065494204,262.5254468143706,8.036313460986168,7.903600572028316,0.351638528,4.880334848,4.75539712,4.880334848,False
18,392.3549425601959,5.444406324846492,5.542267315039183,231.45982696671626,255.25608982571788,7.99580157068802,7.854618005440541,0.351638528,4.880334848,4.75539712,4.880334848,False
19,394.60677886009216,5.417027093092212,5.518472588091385,225.20860208965286,249.25403271054537,7.9614730361211254,7.815118123565292,0.351638528,4.880334848,4.75539712,4.880334848,False
20,393.7842104434967,5.387099624165099,5.492698136467516,218.5685344500058,242.91173246492514,7.924288362581737,7.7719419125577875,0.351638528,4.880334848,4.75539712,4.880334848,False
21,389.92881083488464,5.3637741916316095,5.475844979835843,213.52932815278183,238.85220698416572,7.899974397085897,7.738290426715132,0.351638528,4.880334848,4.75539712,4.880334848,False
22,387.44859313964844,5.339581203874547,5.455998299404441,208.42540425690964,234.1585147327035,7.871341689649405,7.703387323253731,0.351638528,4.880334848,4.75539712,4.880334848,False
23,387.7516117095947,5.31746689724282,5.436414982201059,203.8668117904328,229.61752322535486,7.84308893503593,7.67148312274344,0.351638528,4.880334848,4.75539712,4.880334848,False
24,386.51461815834045,5.288834248515109,5.413930877424819,198.1123409863664,224.5123860611113,7.810651228576421,7.630174942416456,0.351638528,4.880334848,4.75539712,4.880334848,False
25,385.8612389564514,5.270926335202604,5.399619477274362,194.5961402349845,221.322182058739,7.790004242551179,7.604339284687835,0.351638528,4.880334848,4.75539712,4.880334848,False
26,386.0847065448761,5.251427141928821,5.384782397588611,190.83842772932655,218.06264798633813,7.7685988612672725,7.5762078952504135,0.351638528,4.880334848,4.75539712,4.880334848,False
27,387.1635789871216,5.229707597748581,5.365545039905065,186.73819286839773,213.9077911962849,7.7408452207374125,7.544873216571212,0.351638528,4.880334848,4.75539712,4.880334848,False
28,386.06056690216064,5.213165525954236,5.353047167604973,183.67456550773096,211.25103541646186,7.722814602348406,7.521008051627481,0.351638528,4.880334848,4.75539712,4.880334848,False
29,385.9150586128235,5.193324059304552,5.337364399436369,180.06610965184885,207.96387764185184,7.70018915048415,7.492382866088018,0.351638528,4.880334848,4.75539712,4.880334848,False
30,385.779465675354,5.170697712982318,5.316983950180124,176.03761837789128,203.7683786834006,7.670786377411077,7.459739948455495,0.351638528,4.880334848,4.75539712,4.880334848,False
31,385.9996802806854,5.155750076913692,5.307436550669079,173.42584070440822,201.83217811207854,7.657012391483106,7.438175068026275,0.351638528,4.880334848,4.75539712,4.880334848,False
32,385.91966676712036,5.138355842152682,5.293637371011501,170.43531526889785,199.06618771574432,7.637104383422782,7.413080491796507,0.351638528,4.880334848,4.75539712,4.880334848,False
33,386.0039441585541,5.122993107116219,5.281088388027587,167.8369726079715,196.5837183240658,7.619000027903691,7.390916750144911,0.351638528,4.880334848,4.75539712,4.880334848,False
34,386.01178789138794,5.104489458651604,5.266772105437099,164.75993229744824,193.78941996781373,7.598345998006427,7.364221628266659,0.351638528,4.880334848,4.75539712,4.880334848,False
35,385.857675075531,5.09122210024882,5.256258614961455,162.58844006071146,191.76268942128144,7.583178237434782,7.345080876093266,0.351638528,4.880334848,4.75539712,4.880334848,False
36,385.99994373321533,5.074637791959774,5.244391899688282,159.9142592577212,189.5005448447026,7.566058186158536,7.321154776768085,0.351638528,4.880334848,4.75539712,4.880334848,False
37,388.92648553848267,5.056487161291302,5.22935867180241,157.0378974562542,186.67304643406644,7.544369822839033,7.294968951913673,0.351638528,4.880334848,4.75539712,4.880334848,False
38,393.9196183681488,5.045297985578702,5.220197712013901,155.2905666538718,184.97075139543577,7.531153351582368,7.27882638360147,0.351638528,4.880334848,4.75539712,4.880334848,False
39,394.3136873245239,5.028718580551706,5.206786224633205,152.73716686598664,182.50657953754592,7.5118046652472925,7.254907358188134,0.351638528,4.880334848,4.75539712,4.880334848,False
40,394.66241669654846,5.01784965602046,5.198105852811486,151.08606721908433,180.92921054632177,7.499281535867027,7.239226814667109,0.351638528,4.880334848,4.75539712,4.880334848,False
41,394.09655570983887,5.0052840323638295,5.192152263609284,149.1994546144468,179.85523253627295,7.49069232224952,7.2210984517320105,0.351638528,4.880334848,4.75539712,4.880334848,False
42,394.407009601593,4.991640043866515,5.179042517670067,147.17760339456416,177.51276426286645,7.471778956795697,7.201414337188989,0.351638528,4.880334848,4.75539712,4.880334848,False
43,394.534814119339,4.9772435494286595,5.169414306482326,145.07394086235578,175.81183547083847,7.457888384262512,7.180644586057309,0.351638528,4.880334848,4.75539712,4.880334848,False
44,394.5702350139618,4.966281038976989,5.161134259824284,143.49225175123442,174.3621154275282,7.445942802010626,7.164829026592991,0.351638528,4.880334848,4.75539712,4.880334848,False
45,394.3091995716095,4.954834778068962,5.154353148639121,141.8591661912222,173.18374637756094,7.4361597265320745,7.148315562744259,0.351638528,4.880334848,4.75539712,4.880334848,False
46,394.6778416633606,4.94246107444939,5.143288795237364,140.11465818377505,171.27814178581278,7.420197238748717,7.130464081894874,0.351638528,4.880334848,4.75539712,4.880334848,False
47,394.4505171775818,4.926246032890732,5.132436967781963,137.86101402375382,169.4295096045421,7.4045413610942274,7.107070721850389,0.351638528,4.880334848,4.75539712,4.880334848,False
48,394.56350207328796,4.9182186178440706,5.126228856173899,136.75877642373302,168.38093051496764,7.395584949263988,7.095489609971413,0.351638528,4.880334848,4.75539712,4.880334848,False
49,394.85375142097473,4.906986237865559,5.117217866780152,135.23124484930636,166.87046734033748,7.382584839552125,7.079284711079033,0.351638528,4.880334848,4.75539712,4.880334848,False
50,394.9453618526459,4.89723717050886,5.1114921180543,133.91927198174852,165.91773911864976,7.374324330259962,7.065219779950231,0.351638528,4.880334848,4.75539712,4.880334848,False
51,394.7157003879547,4.882203155395492,5.098399248167141,131.9209863885437,163.759558964472,7.355435311802753,7.043530280901526,0.351638528,4.880334848,4.75539712,4.880334848,False
52,393.8212585449219,4.875149401863125,5.094941137927898,130.99372245513396,163.1942383906421,7.35044631330975,7.033353865660727,0.351638528,4.880334848,4.75539712,4.880334848,False
53,394.77566623687744,4.865332541247192,5.089672327882266,129.7140667179993,162.33666014035944,7.342845027185533,7.019191129533023,0.351638528,4.880334848,4.75539712,4.880334848,False
54,394.55754017829895,4.853906618924784,5.081397794920608,128.24039890697628,160.99894222319423,7.330907399516076,7.002707008060901,0.351638528,4.880334848,4.75539712,4.880334848,False
55,394.4230206012726,4.843080873698893,5.071936516183678,126.85958865624691,159.48286965639286,7.317257659601839,6.987088759109581,0.351638528,4.880334848,4.75539712,4.880334848,False
56,394.5754029750824,4.834439070463374,5.066765094598781,125.76801642205223,158.6602454035663,7.3097968753269615,6.974621272437361,0.351638528,4.880334848,4.75539712,4.880334848,False
57,394.4122529029846,4.823278556841319,5.059401241071766,124.37218435134001,157.4961858381417,7.2991730803617045,6.958520054781047,0.351638528,4.880334848,4.75539712,4.880334848,False
58,393.7600357532501,4.813201953442012,5.053276174657546,123.12522826777567,156.53445956525368,7.290336477420793,6.943982589027862,0.351638528,4.880334848,4.75539712,4.880334848,False
59,393.97151923179626,4.804928816202245,5.048357944162616,122.11079840142176,155.76647711811748,7.283240970675808,6.932046974959456,0.351638528,4.880334848,4.75539712,4.880334848,False
60,394.7168552875519,4.795644511043589,5.04201414205532,120.98233110923428,154.78145311443035,7.2740887988352325,6.918652553948964,0.351638528,4.880334848,4.75539712,4.880334848,False
61,394.7309808731079,4.788018584736388,5.034728146840926,120.06323769119278,153.65781457104617,7.263577329671485,6.907650667883381,0.351638528,4.880334848,4.75539712,4.880334848,False
62,394.61746621131897,4.77645265490245,5.028622808577991,118.6825943114212,152.7225396265072,7.254769188436598,6.8909645582686885,0.351638528,4.880334848,4.75539712,4.880334848,False
63,394.8089017868042,4.767524240978501,5.022669971555043,117.62766342161052,151.81610783545403,7.246181059984372,6.878083579777603,0.351638528,4.880334848,4.75539712,4.880334848,False
64,394.8203384876251,4.756180215276351,5.015513444936207,116.30083221690403,150.73351025826196,7.235856374521387,6.861717610153394,0.351638528,4.880334848,4.75539712,4.880334848,False
65,394.49856758117676,4.749281591214169,5.010839678648206,115.50127758170886,150.03066081598436,7.229113555075414,6.8517649994299274,0.351638528,4.880334848,4.75539712,4.880334848,False
66,394.78144884109497,4.743395871058175,5.006495753439067,114.82346604542468,149.3803523146611,7.222846595718196,6.843273700148814,0.351638528,4.880334848,4.75539712,4.880334848,False
67,402.0961790084839,4.7323797569709445,5.0003632194212795,113.56549931773489,148.46707543547296,7.213999219302652,6.8273808069853,0.351638528,4.880334848,4.75539712,4.880334848,False
68,393.4646427631378,4.723582573625044,4.994591891943422,112.57082438220893,147.61269116067632,7.205672953771001,6.814689154198378,0.351638528,4.880334848,4.75539712,4.880334848,False
69,392.6683580875397,4.7182626950569455,4.9901300451766515,111.97355138471748,146.95553311137456,7.199235869567374,6.807014191770051,0.351638528,4.880334848,4.75539712,4.880334848,False
70,392.5793173313141,4.710160699419643,4.9862774664514395,111.0700073573453,146.390464535457,7.193677773345876,6.795325482842811,0.351638528,4.880334848,4.75539712,4.880334848,False
71,392.61087107658386,4.702240023730666,4.979850231291707,110.19373277492568,145.4525957748421,7.184405233054303,6.783898363305834,0.351638528,4.880334848,4.75539712,4.880334848,False
72,392.4000630378723,4.692496425581069,4.975008312201545,109.12526314666697,144.7500283345896,7.177419820394541,6.769841322574996,0.351638528,4.880334848,4.75539712,4.880334848,False
73,392.9594566822052,4.686458746333545,4.971044166255585,108.46838481578118,144.17735392898962,7.171700766696945,6.761130792666115,0.351638528,4.880334848,4.75539712,4.880334848,False
74,393.39544105529785,4.677692188685071,4.96593141387658,107.52164634919241,143.44209202736823,7.164324624194461,6.748483323420993,0.351638528,4.880334848,4.75539712,4.880334848,False
75,393.3204710483551,4.66933269697313,4.961334901157356,106.62656645657867,142.7842716250136,7.157693258089052,6.736423126183824,0.351638528,4.880334848,4.75539712,4.880334848,False
76,392.58701038360596,4.662129815626442,4.956223427457217,105.86130729402414,142.05629567576315,7.150318960330228,6.7260315649848454,0.351638528,4.880334848,4.75539712,4.880334848,False
77,394.12210726737976,4.65739360526871,4.952514185179919,105.36111132561798,141.5303504901623,7.144967654891315,6.719198657789138,0.351638528,4.880334848,4.75539712,4.880334848,False
78,393.2538242340088,4.648371224678852,4.947629817494992,104.41477878558298,140.8407497226299,7.137921001854392,6.706182114055138,0.351638528,4.880334848,4.75539712,4.880334848,False
79,393.094988822937,4.637184236959484,4.941518921822366,103.25320132809728,139.98271095745582,7.129104842972105,6.690042702349919,0.351638528,4.880334848,4.75539712,4.880334848,False
80,392.45810437202454,4.634606780674776,4.940052209134538,102.98741339095449,139.77754703426237,7.126988823850966,6.6863242189498635,0.351638528,4.880334848,4.75539712,4.880334848,False
81,391.2556526660919,4.624956288763201,4.934525472606331,101.99831451277682,139.00716417173106,7.119015428469422,6.6724015021268945,0.351638528,4.880334848,4.75539712,4.880334848,False
82,390.18490505218506,4.619049456761657,4.928517400975922,101.39760350062387,138.17450302087383,7.110347613322926,6.663879744890903,0.351638528,4.880334848,4.75539712,4.880334848,False
83,393.19885635375977,4.6128941150031055,4.925731630741757,100.77538355036741,137.79011625842497,7.10632859642104,6.6549994638608645,0.351638528,4.880334848,4.75539712,4.880334848,False
84,393.10571098327637,4.603511806681514,4.920044018771547,99.83429950445478,137.00864400593383,7.098123106837117,6.641463654173212,0.351638528,4.880334848,4.75539712,4.880334848,False
85,392.4882833957672,4.597688506798658,4.918032331520993,99.25462389041859,136.73330250691927,7.095220855616923,6.633062408310607,0.351638528,4.880334848,4.75539712,4.880334848,False
86,392.321715593338,4.589942915057438,4.91404574021499,98.4888077735362,136.18928781452354,7.089469420109702,6.621887881516798,0.351638528,4.880334848,4.75539712,4.880334848,False
87,392.41045808792114,4.584357511651267,4.9098469074871085,97.9402414593304,135.61865061909717,7.083411784955665,6.613829847721352,0.351638528,4.880334848,4.75539712,4.880334848,False
88,392.5769901275635,4.5777360854318285,4.90585851966769,97.29387965663759,135.07882807130932,7.077657757627447,6.604277148950955,0.351638528,4.880334848,4.75539712,4.880334848,False
89,392.14236545562744,4.57030637651593,4.900821415363433,96.57369315242539,134.4001326897427,7.070390752227256,6.59355834474274,0.351638528,4.880334848,4.75539712,4.880334848,False
90,392.5145628452301,4.5655439504608415,4.899082133787449,96.11486152299192,134.16657618428667,7.067881499322874,6.5866876162904635,0.351638528,4.880334848,4.75539712,4.880334848,False
91,392.32970571517944,4.5585664564721915,4.894446397946396,95.44655491854975,133.54605477631586,7.061193546214116,6.5766212203152055,0.351638528,4.880334848,4.75539712,4.880334848,False
92,392.42777466773987,4.550326514315211,4.889837875319652,94.663312195927,132.93202074279748,7.054544853474688,6.564733496628118,0.351638528,4.880334848,4.75539712,4.880334848,False
93,392.5226354598999,4.544870041882665,4.887877684671574,94.14819109266777,132.67170385762157,7.051716896147509,6.556861470908936,0.351638528,4.880334848,4.75539712,4.880334848,False
94,392.2574908733368,4.53732795653254,4.883028217276357,93.44078839889912,132.0298742791461,7.044720593585477,6.545980541776349,0.351638528,4.880334848,4.75539712,4.880334848,False
95,394.31198501586914,4.533306315432146,4.880529577634443,93.06575770870582,131.70039100276222,7.0411158185651175,6.540178540104576,0.351638528,4.880334848,4.75539712,4.880334848,False
96,394.9973645210266,4.527705423030745,4.879223143275204,92.54596342827027,131.5284454290897,7.039231032193797,6.532098160412522,0.351638528,4.880334848,4.75539712,4.880334848,False
97,392.6731541156769,4.519020168639665,4.871910072194227,91.7456586491459,130.57007713742053,7.028680500811603,6.5195679869736525,0.351638528,4.880334848,4.75539712,4.880334848,False
98,392.79686760902405,4.512504013631607,4.869768967045204,91.1497732652891,130.290811947708,7.025591539031085,6.510167162457862,0.351638528,4.880334848,4.75539712,4.880334848,False
99,392.6862416267395,4.5088254560259,4.869080127595012,90.81508952769545,130.2010934008258,7.024597753772325,6.504860125642485,0.351638528,4.880334848,4.75539712,4.880334848,False
100,392.6179223060608,4.503873682035028,4.865427761114093,90.36650528988349,129.72641866223321,7.019328502762795,6.497716225862251,0.351638528,4.880334848,4.75539712,4.880334848,False
101,392.5510449409485,4.4965465206552855,4.860629453677164,89.7067951750404,129.10544243166586,7.012406008418876,6.487145366475904,0.351638528,4.880334848,4.75539712,4.880334848,False
102,394.45478081703186,4.4899813372945925,4.8570090682648175,89.11978264688898,128.63887605589656,7.007182896338377,6.4776738089989045,0.351638528,4.880334848,4.75539712,4.880334848,False
103,394.38399744033813,4.483162147099325,4.8542609523879765,88.51412529219515,128.28584682302545,7.003218203191071,6.467835797121314,0.351638528,4.880334848,4.75539712,4.880334848,False
104,394.60247707366943,4.481367884207328,4.854463259379069,88.35545007686086,128.31180257212225,7.003510070483857,6.4652472229449796,0.351638528,4.880334848,4.75539712,4.880334848,False
105,394.110666513443,4.472489990384914,4.8475427578418335,87.57451144682966,127.42688610984285,6.993525897235623,6.452439129553843,0.351638528,4.880334848,4.75539712,4.880334848,False
106,393.4148054122925,4.467812422203248,4.845746558825434,87.16583225609654,127.1982074999793,6.990934529822214,6.445690825134734,0.351638528,4.880334848,4.75539712,4.880334848,False
107,391.7734773159027,4.462191056325761,4.8412326149802105,86.67721585343509,126.62533586203428,6.984422285421858,6.43758090846026,0.351638528,4.880334848,4.75539712,4.880334848,False
108,392.27728247642517,4.457685980009199,4.839579458316878,86.28760664965606,126.41617727789539,6.982037284501857,6.4310814571995305,0.351638528,4.880334848,4.75539712,4.880334848,False
109,392.49040818214417,4.453232636773751,4.8365818571520585,85.90419269092334,126.03779939395764,6.977712660166808,6.424656640998373,0.351638528,4.880334848,4.75539712,4.880334848,False
110,392.41010427474976,4.447463193947233,4.836203840647347,85.41000034071564,125.99016402961337,6.977167297630086,6.416333094443864,0.351638528,4.880334848,4.75539712,4.880334848,False
111,392.3234877586365,4.438562374823714,4.830035210819726,84.6531546463834,125.2153695129478,6.968267845968698,6.403491926834513,0.351638528,4.880334848,4.75539712,4.880334848,False
112,392.05425357818604,4.436130712696424,4.8280872310569105,84.44755684976985,124.97168992565153,6.965457505225132,6.399983779942354,0.351638528,4.880334848,4.75539712,4.880334848,False
113,392.56005334854126,4.431191561892649,4.826022320269633,84.03148599566953,124.71390078240911,6.962478468672448,6.392858091571545,0.351638528,4.880334848,4.75539712,4.880334848,False
114,392.16950702667236,4.424194324427192,4.821321366115867,83.44555009059783,124.1290023200591,6.955696425427363,6.382763211780207,0.351638528,4.880334848,4.75539712,4.880334848,False
115,392.5044116973877,4.420947978578676,4.819770792554251,83.17509620642686,123.93668031407373,6.953459420639486,6.378079724723543,0.351638528,4.880334848,4.75539712,4.880334848,False
116,392.67168951034546,4.416096024051539,4.8194054395873795,82.77251187206988,123.89140795091649,6.952932327726008,6.371079833988624,0.351638528,4.880334848,4.75539712,4.880334848,False
117,392.231831073761,4.40976410704898,4.814138044663034,82.25005900645897,123.24053867515327,6.94533308319025,6.361944808729712,0.351638528,4.880334848,4.75539712,4.880334848,False
118,391.87205839157104,4.404616558231698,4.8113188888440135,81.8277606456913,122.89359366920698,6.941265901070656,6.354518465578285,0.351638528,4.880334848,4.75539712,4.880334848,False
119,392.39175248146057,4.3975032706036945,4.8088852815392675,81.24776154408568,122.5948825421625,6.937754947880628,6.3442561607929475,0.351638528,4.880334848,4.75539712,4.880334848,False
120,392.2044153213501,4.395067582519713,4.807916355805569,81.05010814816934,122.47615473415048,6.936357083529631,6.340742205673036,0.351638528,4.880334848,4.75539712,4.880334848,False
121,392.4618327617645,4.3882172008112965,4.803517028378185,80.49678138348209,121.93852549805989,6.930010195666898,6.330859193954106,0.351638528,4.880334848,4.75539712,4.880334848,False
122,392.17729902267456,4.383775291515295,4.801596120084758,80.14001493066817,121.7045175989547,6.927238910797969,6.324450873440687,0.351638528,4.880334848,4.75539712,4.880334848,False
123,394.77065086364746,4.379175131709588,4.799317655571114,79.77220469669942,121.42753384311237,6.923951781343293,6.317814245701697,0.351638528,4.880334848,4.75539712,4.880334848,False
124,393.24016189575195,4.374781020779839,4.796511639480446,79.422445782653,121.08728382606274,6.919903555844631,6.311474883654231,0.351638528,4.880334848,4.75539712,4.880334848,False
125,392.9387674331665,4.369783509414566,4.792861546867418,79.02652134964461,120.64610967890539,6.914637585333031,6.304264998790765,0.351638528,4.880334848,4.75539712,4.880334848,False
126,392.980180978775,4.365572883535084,4.791368595202957,78.6944697967041,120.46612525610202,6.9124837113704265,6.298190349715399,0.351638528,4.880334848,4.75539712,4.880334848,False
127,387.6646201610565,4.362961825556247,4.792728395361159,78.48926199477108,120.63004653711684,6.9144454883152635,6.294423389317856,0.351638528,4.880334848,4.75539712,4.880334848,False
128,385.62846875190735,4.357086269778549,4.789297291926649,78.02944611770587,120.21686161559047,6.90949545240552,6.285946754134905,0.351638528,4.880334848,4.75539712,4.880334848,False
129,386.3318359851837,4.352900235931628,4.787991856377656,77.70349491255611,120.0600286407917,6.9076121070127865,6.2799075838629586,0.351638528,4.880334848,4.75539712,4.880334848,False
130,385.8966453075409,4.345280530622796,4.783959857422322,77.11366719034513,119.57692132931236,6.901795162115056,6.268914672800872,0.351638528,4.880334848,4.75539712,4.880334848,False
131,385.86598563194275,4.342643662135323,4.783280424610011,76.91059644446653,119.49570443920042,6.900814947766118,6.265110475710518,0.351638528,4.880334848,4.75539712,4.880334848,False
132,386.3911814689636,4.337231659714627,4.779086557480905,76.49548042799546,118.99560474112707,6.89476447645681,6.257302606656901,0.351638528,4.880334848,4.75539712,4.880334848,False
133,385.98832988739014,4.332302068351309,4.775365208040449,76.1193168963513,118.55360344473104,6.889395704073649,6.250190709643433,0.351638528,4.880334848,4.75539712,4.880334848,False
134,386.1010150909424,4.328247536738649,4.775699980316493,75.81131354626547,118.59329854842889,6.889878678376125,6.244341256992721,0.351638528,4.880334848,4.75539712,4.880334848,False
135,386.17279148101807,4.323820133082486,4.773676962137287,75.47640818716289,118.35362466358728,6.886960080081357,6.23795386369396,0.351638528,4.880334848,4.75539712,4.880334848,False
136,386.31218242645264,4.319289312861882,4.769706574629599,75.13521168445945,117.88464653925637,6.881232021713608,6.231417271830535,0.351638528,4.880334848,4.75539712,4.880334848,False
137,385.9337284564972,4.31635860644093,4.770167547349591,74.91533479182435,117.93900067234065,6.881897064770725,6.227189156210726,0.351638528,4.880334848,4.75539712,4.880334848,False
138,386.6292898654938,4.313195346266331,4.769125979671577,74.67873251138715,117.81622317290022,6.880394400246903,6.222625536443791,0.351638528,4.880334848,4.75539712,4.880334848,False
139,385.9792318344116,4.3052189434838875,4.764917588473207,74.08543420035839,117.3214482497182,6.874322975134894,6.211118019705427,0.351638528,4.880334848,4.75539712,4.880334848,False
140,385.9742317199707,4.303075619108605,4.762872720883408,73.92681513016568,117.0817865443428,6.871372854803817,6.208025856258191,0.351638528,4.880334848,4.75539712,4.880334848,False
141,385.7119839191437,4.296158151766263,4.759919701600288,73.41719347851773,116.73655176433638,6.867112548528411,6.198046060427882,0.351638528,4.880334848,4.75539712,4.880334848,False
142,385.84162044525146,4.291540842506341,4.757071246097235,73.07898499867545,116.4045060243234,6.863003095899963,6.191384691256342,0.351638528,4.880334848,4.75539712,4.880334848,False
143,386.0940799713135,4.288381105262088,4.756074487791173,72.84843903215447,116.28853667238954,6.861565077634842,6.186826154003547,0.351638528,4.880334848,4.75539712,4.880334848,False
144,386.0256586074829,4.285849121162036,4.754776765312772,72.6642212594646,116.13772430183614,6.859692859850803,6.183173273098792,0.351638528,4.880334848,4.75539712,4.880334848,False
145,385.6776340007782,4.27939982261637,4.7521323085574885,72.19709593741584,115.83100883889416,6.85587771520411,6.1738689020697475,0.351638528,4.880334848,4.75539712,4.880334848,False
146,385.6799385547638,4.2759716768138025,4.7513195343834935,71.95001751841876,115.73690263508873,6.854705129933925,6.168923133120939,0.351638528,4.880334848,4.75539712,4.880334848,False
147,385.620952129364,4.272804162545614,4.748399002493188,71.72247537307571,115.39938242922688,6.850491693059023,6.164353375994278,0.351638528,4.880334848,4.75539712,4.880334848,False
148,385.7143232822418,4.268011240510395,4.745397223345076,71.37953763386292,115.0534983628557,6.846161041168198,6.157438651142701,0.351638528,4.880334848,4.75539712,4.880334848,False
149,385.81111693382263,4.263654460356039,4.743790650193143,71.06922914465048,114.86880490285265,6.843843246049079,6.151153146019768,0.351638528,4.880334848,4.75539712,4.880334848,False
150,387.74333691596985,4.258708313483353,4.742244611563707,70.71857819958102,114.69135050417984,6.841612783785369,6.144017364455035,0.351638528,4.880334848,4.75539712,4.880334848,False
151,386.482545375824,4.256211660145614,4.742172064676432,70.54223864624385,114.68303030550936,6.8415081207508655,6.14041545506586,0.351638528,4.880334848,4.75539712,4.880334848,False
152,387.68726086616516,4.254262385408439,4.74027600261232,70.40486637419416,114.46579017781455,6.838772681413753,6.137603246069207,0.351638528,4.880334848,4.75539712,4.880334848,False
153,391.3184893131256,4.249222140923923,4.7374230646847835,70.0509014190703,114.13969177404609,6.834656762013732,6.130331710346527,0.351638528,4.880334848,4.75539712,4.880334848,False
154,392.6468744277954,4.244339427684166,4.734783715402527,69.70969663569633,113.83883446889324,6.830848985893047,6.123287444169448,0.351638528,4.880334848,4.75539712,4.880334848,False
155,392.6797363758087,4.241029903240116,4.734247672321805,69.47937203337169,113.77782830178647,6.830075639198787,6.118512809666315,0.351638528,4.880334848,4.75539712,4.880334848,False
156,387.75783824920654,4.237192268451766,4.734419485402036,69.21324655100052,113.79737850037077,6.830323513077595,6.11297627298842,0.351638528,4.880334848,4.75539712,4.880334848,False
157,385.91972160339355,4.2308894938041375,4.731000701748067,68.77838291867502,113.40899416219149,6.825391250854142,6.103883291260446,0.351638528,4.880334848,4.75539712,4.880334848,False
158,385.9071822166443,4.227678775658024,4.729172158377068,68.55790904571012,113.20181037770026,6.8227532204007515,6.099251204113356,0.351638528,4.880334848,4.75539712,4.880334848,False
159,385.67499232292175,4.2261888268261,4.730985103340242,68.45583732890871,113.40722517624624,6.825368747108527,6.09710166232236,0.351638528,4.880334848,4.75539712,4.880334848,False
160,385.6898386478424,4.221208471187512,4.727356094896292,68.11575049312611,112.99641526564754,6.8201331946230965,6.089916527940707,0.351638528,4.880334848,4.75539712,4.880334848,False
161,387.8452458381653,4.217108234662107,4.724151194887754,67.837031602171,112.63485274873356,6.815509501274233,6.084001137039033,0.351638528,4.880334848,4.75539712,4.880334848,False
162,385.8460648059845,4.214232686738319,4.722810952683468,67.64224316275947,112.48399588035848,6.8135759404925205,6.079852598309545,0.351638528,4.880334848,4.75539712,4.880334848,False
163,386.0246434211731,4.210867685582342,4.721446561334836,67.41500947155903,112.3306283399843,6.811607539860017,6.074997927829233,0.351638528,4.880334848,4.75539712,4.880334848,False
164,385.8175208568573,4.207697272527047,4.720198161562575,67.20161449925585,112.19048230648636,6.809806479699529,6.0704239886367874,0.351638528,4.880334848,4.75539712,4.880334848,False
165,385.64547181129456,4.202657176965228,4.718077990819291,66.86376405472274,111.95287130517941,6.806747719882355,6.063152667764145,0.351638528,4.880334848,4.75539712,4.880334848,False
166,385.7682366371155,4.198536725234365,4.717089756866571,66.58882197417721,111.84229032558994,6.805321999659528,6.057208112485807,0.351638528,4.880334848,4.75539712,4.880334848,False
167,385.49107694625854,4.196399772978747,4.7168096712297105,66.4466767737069,111.81096929296663,6.804917921500206,6.05412514206401,0.351638528,4.880334848,4.75539712,4.880334848,False
168,386.34967827796936,4.1920350486423255,4.714625606893814,66.15728735845536,111.56703342535349,6.801766982713826,6.047828175909007,0.351638528,4.880334848,4.75539712,4.880334848,False
169,385.44797134399414,4.188151744765449,4.711437470679494,65.90087669046687,111.21190891921182,6.797167474407747,6.0422257526635725,0.351638528,4.880334848,4.75539712,4.880334848,False
170,385.8213565349579,4.184942617951805,4.71209078104088,65.68973139725438,111.28458855021123,6.79811000202628,6.0375959613239445,0.351638528,4.880334848,4.75539712,4.880334848,False
171,385.4344537258148,4.182453201882135,4.7095928644791245,65.52640570145432,111.0069558294486,6.794506270190081,6.034004493105522,0.351638528,4.880334848,4.75539712,4.880334848,False
172,387.8067572116852,4.17752980267675,4.7084564028440665,65.20458592138871,110.88087234101778,6.792866702625022,6.026901529487597,0.351638528,4.880334848,4.75539712,4.880334848,False
173,389.31054282188416,4.174004084119184,4.709787290659512,64.97509769593958,111.02854058611986,6.794786767876345,6.021814992809026,0.351638528,4.880334848,4.75539712,4.880334848,False
174,390.5416374206543,4.169327627716913,4.703264042973551,64.67195385626654,110.30663107288173,6.785375710789318,6.015068292348537,0.351638528,4.880334848,4.75539712,4.880334848,False
175,391.1889474391937,4.168964122930515,4.705472913963995,64.64844956371434,110.55055348770819,6.788562438013195,6.014543865795861,0.351638528,4.880334848,4.75539712,4.880334848,False
176,392.0631468296051,4.163856346431967,4.702547651078276,64.31908161737653,110.22763659526623,6.784342175754672,6.007174901971436,0.351638528,4.880334848,4.75539712,4.880334848,False
177,391.9907088279724,4.161644315150555,4.703584076752338,64.17696304016629,110.34193857034383,6.785837421934891,6.003983615411452,0.351638528,4.880334848,4.75539712,4.880334848,False
178,392.35018372535706,4.1549829027017084,4.698558097743135,63.75087457077623,109.78875361571484,6.778586466942702,5.994373228706185,0.351638528,4.880334848,4.75539712,4.880334848,False
179,392.3031873703003,4.152977862912916,4.697296192499238,63.62317959022971,109.65029798911999,6.77676592250526,5.99148056774611,0.351638528,4.880334848,4.75539712,4.880334848,False
180,392.18900990486145,4.150049921293908,4.696722591411527,63.43716708454034,109.58742049394945,6.7759383910605715,5.987256440892354,0.351638528,4.880334848,4.75539712,4.880334848,False
181,391.91943192481995,4.145735544533726,4.694502708806493,63.16406480183338,109.34441910253533,6.772735777434932,5.981032110935913,0.351638528,4.880334848,4.75539712,4.880334848,False
182,394.41079020500183,4.143575081697221,4.693825781490863,63.0277484934081,109.27042592526006,6.771759177753631,5.977915221915662,0.351638528,4.880334848,4.75539712,4.880334848,False
183,393.4850778579712,4.139285736689246,4.692379548098939,62.75797971433808,109.112509605989,6.7696727040111355,5.971727005143994,0.351638528,4.880334848,4.75539712,4.880334848,False
184,393.4137578010559,4.134077997624082,4.689529673724049,62.432002071704865,108.80199533437658,6.765561204383324,5.964213825820439,0.351638528,4.880334848,4.75539712,4.880334848,False
185,393.3294665813446,4.131856050211982,4.689643946255259,62.29343544715506,108.81442912419094,6.765726064797411,5.961008233307886,0.351638528,4.880334848,4.75539712,4.880334848,False
186,393.63536953926086,4.127842395972326,4.688575829210274,62.04391222082028,108.69826462738665,6.764185097633522,5.9552177542404925,0.351638528,4.880334848,4.75539712,4.880334848,False
187,393.53978276252747,4.1263378609284045,4.686892856968299,61.95063516751516,108.51548231718779,6.7617570819260715,5.953047168993782,0.351638528,4.880334848,4.75539712,4.880334848,False
188,392.76421642303467,4.1231616913609495,4.6857118478531365,61.75418159549284,108.38740019140116,6.760053245932381,5.948464924909793,0.351638528,4.880334848,4.75539712,4.880334848,False
189,393.8904547691345,4.11915844606131,4.683434547820581,61.50745863405333,108.14085040189106,6.7567677964687975,5.942689462768541,0.351638528,4.880334848,4.75539712,4.880334848,False
190,394.93195247650146,4.117899015404391,4.684446736535698,61.4300430150552,108.25036476556247,6.75822807610854,5.940872488405461,0.351638528,4.880334848,4.75539712,4.880334848,False
191,392.0744934082031,4.1124662029280845,4.68132516611615,61.0972100391575,107.91298048735818,6.753724601944473,5.933034596787813,0.351638528,4.880334848,4.75539712,4.880334848,False
192,390.73237586021423,4.110641503612103,4.681793185602141,60.98582765237741,107.96349768561203,6.754399811335951,5.9304021121335335,0.351638528,4.880334848,4.75539712,4.880334848,False
193,390.877402305603,4.108039532763091,4.681482471939927,60.82735057240501,107.9299571628799,6.753951546276339,5.926648261693126,0.351638528,4.880334848,4.75539712,4.880334848,False
194,386.624431848526,4.104150631125781,4.679435647985687,60.59125835641946,107.70926947265158,6.750998603507984,5.921037762586473,0.351638528,4.880334848,4.75539712,4.880334848,False
195,385.96536087989807,4.099821135187524,4.67638692061753,60.32949580830054,107.3813933314488,6.746600219652921,5.914791620266802,0.351638528,4.880334848,4.75539712,4.880334848,False
196,385.58451080322266,4.097382711659352,4.676172737316094,60.18256615744021,107.35839649296959,6.746291218466098,5.911273718735122,0.351638528,4.880334848,4.75539712,4.880334848,False
197,386.0787625312805,4.093946263238541,4.674374111305901,59.97610681961702,107.16547243974478,6.7436963496407785,5.906315971640146,0.351638528,4.880334848,4.75539712,4.880334848,False
198,386.6654007434845,4.0907589311291925,4.671974848304171,59.78524737635285,106.90866248715919,6.740234944806396,5.901717623412323,0.351638528,4.880334848,4.75539712,4.880334848,False
199,386.2062728404999,4.088101464880169,4.673924636737357,59.62658101788373,107.11731510881563,6.7430478949097346,5.897883710033526,0.351638528,4.880334848,4.75539712,4.880334848,False
200,386.10188817977905,4.083043528857644,4.670320588461842,59.32575500654162,106.73195398120016,6.737848352335525,5.890586650816696,0.351638528,4.880334848,4.75539712,4.880334848,False
201,386.23284673690796,4.081054468157494,4.669923276929698,59.20786975807521,106.68955656808342,6.7372751529584125,5.887717042808563,0.351638528,4.880334848,4.75539712,4.880334848,False
202,387.42598605155945,4.076257843941507,4.665368806193895,58.924551884109405,106.20474696848693,6.730704440613995,5.88079697683915,0.351638528,4.880334848,4.75539712,4.880334848,False
203,390.84409642219543,4.076536357968617,4.667600079348393,58.94096548395312,106.44198334042697,6.733923487328859,5.88119878764488,0.351638528,4.880334848,4.75539712,4.880334848,False
204,392.47396659851074,4.072344685299209,4.66633739230883,58.69442132701179,106.30766524630214,6.732101814998687,5.875151482271695,0.351638528,4.880334848,4.75539712,4.880334848,False
205,386.2248201370239,4.0705007066046415,4.665362649084204,58.586289791358396,106.20409305622329,6.730695557782378,5.872491183353538,0.351638528,4.880334848,4.75539712,4.880334848,False
206,385.83123898506165,4.068664925189596,4.664898794001927,58.47883682963523,106.15484117165214,6.730026356355487,5.869842710609896,0.351638528,4.880334848,4.75539712,4.880334848,False
207,385.6492335796356,4.062964354875387,4.66221809206146,58.14642248426082,105.87065276532476,6.7261589209598736,5.861618526087347,0.351638528,4.880334848,4.75539712,4.880334848,False
208,385.8949842453003,4.064367847323644,4.662931960483279,58.22808784406322,105.94625746382397,6.727188815391878,5.863643337682373,0.351638528,4.880334848,4.75539712,4.880334848,False
209,385.91077399253845,4.056774908849015,4.6591471791558385,57.78763981902893,105.54603190772322,6.721728530139932,5.85268904299925,0.351638528,4.880334848,4.75539712,4.880334848,False
210,386.1287386417389,4.055061905048454,4.659011551898638,57.68873410950727,105.53171795960992,6.721532861368559,5.850217700911157,0.351638528,4.880334848,4.75539712,4.880334848,False
211,385.99071884155273,4.051418805271104,4.6583749978303715,57.47895065816327,105.46456269145872,6.720614507971013,5.844961818928911,0.351638528,4.880334848,4.75539712,4.880334848,False
212,385.4870412349701,4.0490050013226355,4.656523389999932,57.34037505456398,105.26946435988498,6.717943202536366,5.8414794359427775,0.351638528,4.880334848,4.75539712,4.880334848,False
213,385.8928201198578,4.044696863537595,4.656819622142224,57.09387617500407,105.30065317816737,6.718370575179002,5.835264106924833,0.351638528,4.880334848,4.75539712,4.880334848,False
214,385.74507784843445,4.044260179960925,4.656721204608186,57.06894965984599,105.2902902575039,6.718228588690709,5.834634105694333,0.351638528,4.880334848,4.75539712,4.880334848,False
215,385.579628944397,4.042153388075884,4.655224911462398,56.94884382324065,105.13286292596405,6.716069893989565,5.8315946474896,0.351638528,4.880334848,4.75539712,4.880334848,False
216,386.0959219932556,4.0396624917029555,4.653827488115237,56.807166679514324,104.9860504122658,6.714053838256594,5.828001043645007,0.351638528,4.880334848,4.75539712,4.880334848,False
217,386.15824365615845,4.036193624175206,4.652995648085343,56.610451530329655,104.89875512584301,6.712853746770653,5.822996525665222,0.351638528,4.880334848,4.75539712,4.880334848,False
218,386.2146415710449,4.031115828796813,4.650459121293352,56.323723829559285,104.63301379550276,6.709194312146765,5.815670815454166,0.351638528,4.880334848,4.75539712,4.880334848,False
219,385.86958599090576,4.029190649079669,4.650650603809362,56.21539484868542,104.6530511065782,6.7094705630230305,5.812893368223422,0.351638528,4.880334848,4.75539712,4.880334848,False
220,386.1701226234436,4.023931432552767,4.648596664156602,55.92052199479002,104.43832065231511,6.706507354471708,5.805305922621099,0.351638528,4.880334848,4.75539712,4.880334848,False
221,386.2253305912018,4.022393670805043,4.646271182490391,55.834595639217596,104.1957334277831,6.703152393604188,5.803087401373589,0.351638528,4.880334848,4.75539712,4.880334848,False
222,386.5517818927765,4.021205277115729,4.646633509798105,55.76828156953002,104.23349322764142,6.7036751214142045,5.8013729116913915,0.351638528,4.880334848,4.75539712,4.880334848,False
223,385.8382291793823,4.016784887311256,4.645174800266507,55.5223080761518,104.08155767941588,6.7015706484068716,5.794995637241683,0.351638528,4.880334848,4.75539712,4.880334848,False
224,385.9202969074249,4.014203296821228,4.645536451440599,55.37915707177757,104.11920570426776,6.702092400762265,5.791271189444114,0.351638528,4.880334848,4.75539712,4.880334848,False
225,386.82721972465515,4.013746199195289,4.6443635034211965,55.35384917508394,103.99715088412864,6.700400194471452,5.790611736965969,0.351638528,4.880334848,4.75539712,4.880334848,False
226,385.8930034637451,4.009519329425407,4.643157811548964,55.12036945516479,103.87183792416148,6.698660748786542,5.784513652910477,0.351638528,4.880334848,4.75539712,4.880334848,False
227,386.0155680179596,4.007085043853106,4.6436917594948985,54.98635391728384,103.92731488824904,6.699431072840235,5.781001721187211,0.351638528,4.880334848,4.75539712,4.880334848,False
228,385.7192144393921,4.002759356080984,4.640729391772087,54.74901381817637,103.6198995285885,6.695157279617246,5.774761072889937,0.351638528,4.880334848,4.75539712,4.880334848,False
229,386.49949383735657,4.0012610956424295,4.639280239676343,54.66704695590936,103.4698472845475,6.693066595075222,5.772599539985274,0.351638528,4.880334848,4.75539712,4.880334848,False
230,386.0293011665344,3.9980509720231447,4.63801465255638,54.491840345176435,103.33898000795706,6.691240738813438,5.767968310559091,0.351638528,4.880334848,4.75539712,4.880334848,False
231,386.27699542045593,3.995025897627443,4.637941670217325,54.32724755241186,103.33143836268734,6.691135447554811,5.763604050730092,0.351638528,4.880334848,4.75539712,4.880334848,False
232,388.04789662361145,3.9917979678843833,4.63627339883778,54.15216574209286,103.15919719391322,6.688728640708685,5.7589471324974415,0.351638528,4.880334848,4.75539712,4.880334848,False
233,392.78779697418213,3.9919090349240327,4.635985612804598,54.158180596852304,103.12951368922046,6.688313453225776,5.7591073683647505,0.351638528,4.880334848,4.75539712,4.880334848,False
234,394.15680384635925,3.9870130980858676,4.635689710581371,53.893673598515605,103.09900195130766,6.687886556555738,5.752044024567824,0.351638528,4.880334848,4.75539712,4.880334848,False
235,396.7396664619446,3.983582887476235,4.633654312871483,53.709123651096206,102.8893678955562,6.684950098373447,5.747095276732102,0.351638528,4.880334848,4.75539712,4.880334848,False
236,394.68776988983154,3.979980622910535,4.633348033393919,53.515997233178034,102.85785981909517,6.684508230490039,5.7418983075071965,0.351638528,4.880334848,4.75539712,4.880334848,False
237,393.53710675239563,3.9770116747185438,4.6320697189767674,53.35734663918456,102.7264591375572,6.682664012619717,5.737615020673955,0.351638528,4.880334848,4.75539712,4.880334848,False
238,388.23263335227966,3.9767235850201477,4.631529331595264,53.34197715128593,102.6709620516057,6.681884398424263,5.7371993950947475,0.351638528,4.880334848,4.75539712,4.880334848,False
239,387.01615142822266,3.97425419274856,4.631108712852567,53.21041738834143,102.62778580164269,6.681277573850069,5.733636815110518,0.351638528,4.880334848,4.75539712,4.880334848,False
240,389.325163602829,3.9702568677566483,4.628938245553456,52.99814260538703,102.40527710985148,6.6781462514412295,5.727869894167866,0.351638528,4.880334848,4.75539712,4.880334848,False
241,388.4394006729126,3.9686752137110943,4.630282020905104,52.91438413465147,102.54297929679163,6.680084909477121,5.725588049719943,0.351638528,4.880334848,4.75539712,4.880334848,False
242,389.1371488571167,3.9651783229795807,4.626685733164039,52.72967146344716,102.17486755203294,6.6748965629874775,5.720543102803058,0.351638528,4.880334848,4.75539712,4.880334848,False
243,386.18853425979614,3.96359698689013,4.627674692266188,52.64635402477559,102.27596429934391,6.67632332937979,5.718261717068828,0.351638528,4.880334848,4.75539712,4.880334848,False
244,386.19151186943054,3.9584391420373173,4.625835970549328,52.375511381260445,102.08808004903436,6.6736706146773015,5.710820519878001,0.351638528,4.880334848,4.75539712,4.880334848,False
245,386.04024481773376,3.95991321071752,4.62704476464367,52.45277341297764,102.21155813205372,6.6754145359226635,5.712947151452859,0.351638528,4.880334848,4.75539712,4.880334848,False
246,386.45019912719727,3.955740557410124,4.6241304209020875,52.23436216861154,101.91411215772831,6.671210026659237,5.70692728521893,0.351638528,4.880334848,4.75539712,4.880334848,False
247,386.8316402435303,3.954400171714971,4.624944006100172,52.16439487881794,101.99706170954404,6.672383781989854,5.704993517423654,0.351638528,4.880334848,4.75539712,4.880334848,False
248,385.99937915802,3.949940377856969,4.624130403959948,51.93227042926973,101.91411043108525,6.671210002216896,5.698559394941328,0.351638528,4.880334848,4.75539712,4.880334848,False
249,386.1572585105896,3.944712025640067,4.619923366580774,51.66145879424936,101.4862545928459,6.665140530253127,5.691016477125983,0.351638528,4.880334848,4.75539712,4.880334848,False
250,386.8529019355774,3.9451007555259867,4.621590210940736,51.68154505104412,101.65555744548139,6.6675452783451785,5.691577295804644,0.351638528,4.880334848,4.75539712,4.880334848,False
251,386.095664024353,3.9428973540013033,4.6213570549005025,51.56779522017711,101.63185860111136,6.66720890528218,5.688398459351896,0.351638528,4.880334848,4.75539712,4.880334848,False
252,386.03828287124634,3.939123591207572,4.6193545996932635,51.37355732760291,101.4285489837715,6.664319973085094,5.682954070483889,0.351638528,4.880334848,4.75539712,4.880334848,False
253,385.9215428829193,3.9355436664692003,4.618637241190742,51.18997266453237,101.3558144432492,6.6632850435309665,5.677789330817084,0.351638528,4.880334848,4.75539712,4.880334848,False
254,386.2440724372864,3.934048110306473,4.617679243136914,51.11347240492039,101.25876226558967,6.661902944489528,5.675631699357747,0.351638528,4.880334848,4.75539712,4.880334848,False
255,385.99597334861755,3.93130802603831,4.614884345486845,50.97360888970999,100.97614950971634,6.657870759509982,5.67167859337245,0.351638528,4.880334848,4.75539712,4.880334848,False
256,386.102826833725,3.9318241521469584,4.616257966938852,50.99992449061016,101.1149478211688,6.65985247636685,5.67242320594987,0.351638528,4.880334848,4.75539712,4.880334848,False
257,386.1701180934906,3.9270978071581615,4.616667175603359,50.75944998345574,101.15633340101985,6.660442839677824,5.665604531473003,0.351638528,4.880334848,4.75539712,4.880334848,False
258,385.7296941280365,3.9258773347566467,4.615299713847628,50.69753726470232,101.01810051937427,6.658470009384225,5.663843761991795,0.351638528,4.880334848,4.75539712,4.880334848,False
259,386.0333843231201,3.922071551578233,4.614121055551296,50.50496011607006,100.89910483851668,6.656769564905204,5.658353177473599,0.351638528,4.880334848,4.75539712,4.880334848,False
260,386.55187225341797,3.9199302504953084,4.613810056459299,50.39692949460205,100.86773018752551,6.65632088805746,5.655263933020214,0.351638528,4.880334848,4.75539712,4.880334848,False
261,385.973797082901,3.9167116431967495,4.611700369279043,50.234982331473084,100.65515514251467,6.653277252824677,5.650620464232014,0.351638528,4.880334848,4.75539712,4.880334848,False
262,385.8618564605713,3.9154467053745767,4.612269619728836,50.17147837507153,100.71246944640247,6.6540985076256165,5.648795544708932,0.351638528,4.880334848,4.75539712,4.880334848,False
263,385.84503960609436,3.911982666162543,4.609537213741683,49.997983077400704,100.43765771150068,6.650156479058255,5.643797992516286,0.351638528,4.880334848,4.75539712,4.880334848,False
264,386.13571858406067,3.909374777075072,4.607472612956755,49.867763755514574,100.23050795890677,6.647177889744425,5.640035603862604,0.351638528,4.880334848,4.75539712,4.880334848,False
265,387.06377720832825,3.906379945691375,4.607321805284053,49.71864162086573,100.21539356897941,6.64696032026289,5.635714975477045,0.351638528,4.880334848,4.75539712,4.880334848,False
266,387.25942039489746,3.9054369801649855,4.6079573309256645,49.67178075336197,100.27910326370463,6.6478771899544,5.634354563788394,0.351638528,4.880334848,4.75539712,4.880334848,False
267,386.0079381465912,3.9005093400576007,4.60626175295605,49.42761816106317,100.10921629440112,6.645430988026198,5.627245481842184,0.351638528,4.880334848,4.75539712,4.880334848,False
268,386.68594574928284,3.8979827870125043,4.606378455326297,49.30289428897348,100.12089995896864,6.645599353957012,5.623600436293481,0.351638528,4.880334848,4.75539712,4.880334848,False
269,386.2356595993042,3.897875703574197,4.60656625790618,49.297615048199184,100.13970468801418,6.645870295807676,5.623445947548073,0.351638528,4.880334848,4.75539712,4.880334848,False
270,386.3648509979248,3.8962591877790658,4.605612339674699,49.21798905049234,100.04422514509572,6.644494082705704,5.6211138082269185,0.351638528,4.880334848,4.75539712,4.880334848,False
271,386.110995054245,3.8923079097112536,4.60361837170329,49.02389879462195,99.84493891564,6.641617395001662,5.615413318953313,0.351638528,4.880334848,4.75539712,4.880334848,False
272,386.6220762729645,3.8892664132740298,4.6034017676158685,48.87501930408925,99.8233144358224,6.641304901358902,5.611025367126449,0.351638528,4.880334848,4.75539712,4.880334848,False
273,386.47997546195984,3.8897668642825733,4.604045973969955,48.899484978217586,99.88764196714543,6.642234294671251,5.611747365314682,0.351638528,4.880334848,4.75539712,4.880334848,False
274,386.57564425468445,3.883963978254992,4.601037895061927,48.616548557935744,99.5876235239742,6.637894554148037,5.603375570419847,0.351638528,4.880334848,4.75539712,4.880334848,False
275,388.1901717185974,3.8815221842110628,4.600310494009317,48.49798177597303,99.51520972192685,6.636845136256699,5.599852806261798,0.351638528,4.880334848,4.75539712,4.880334848,False
276,386.04369735717773,3.8804601045168283,4.599929487540336,48.44650039781991,99.4773010054524,6.636295460113353,5.598320549153897,0.351638528,4.880334848,4.75539712,4.880334848,False
277,386.19352293014526,3.878326889360892,4.600101067310495,48.34326374106874,99.49437076226565,6.636542997396879,5.595242970227279,0.351638528,4.880334848,4.75539712,4.880334848,False
278,386.1121287345886,3.873563531229481,4.599122813571136,48.11353503704444,99.39708761358241,6.635131675578375,5.588370897073114,0.351638528,4.880334848,4.75539712,4.880334848,False
279,388.2715046405792,3.874846039731424,4.600421783042724,48.17528064095556,99.52628528970924,6.6370056923933,5.5902211657287655,0.351638528,4.880334848,4.75539712,4.880334848,False
280,392.69344878196716,3.870640965829802,4.597776226988322,47.97312536245842,99.26333090673627,6.633188961793222,5.5841545264643235,0.351638528,4.880334848,4.75539712,4.880334848,False
281,392.913405418396,3.870000020255556,4.598622538450452,47.94238705191895,99.34737415981975,6.634409931142684,5.583229837462879,0.351638528,4.880334848,4.75539712,4.880334848,False
282,389.1046893596649,3.867976274792987,4.596336979836282,47.84546197258275,99.1205691997603,6.63111256706436,5.580310189920009,0.351638528,4.880334848,4.75539712,4.880334848,False
283,386.3904330730438,3.8646719727957186,4.596487371973918,47.68762702779704,99.13547727504648,6.631329537055516,5.575543089814951,0.351638528,4.880334848,4.75539712,4.880334848,False
284,387.0132019519806,3.8640806601886215,4.597406523254204,47.65943706809363,99.22663966550141,6.632655592049411,5.574690006049076,0.351638528,4.880334848,4.75539712,4.880334848,False
285,386.6403968334198,3.860165878269515,4.596670199772643,47.47322549225545,99.15360365308466,6.631593301814074,5.5690421695882195,0.351638528,4.880334848,4.75539712,4.880334848,False
286,392.2442743778229,3.8567696285661657,4.593626248277168,47.31226804481567,98.85224378806,6.627201808086845,5.564142416983577,0.351638528,4.880334848,4.75539712,4.880334848,False
287,392.52005887031555,3.855916610280123,4.594221438952892,47.27192702327995,98.91109723461092,6.628060486723095,5.562911771732516,0.351638528,4.880334848,4.75539712,4.880334848,False
288,391.27464747428894,3.8539612855179253,4.593581621388869,47.179585362203554,98.8478324184519,6.627137425096405,5.5600908343947655,0.351638528,4.880334848,4.75539712,4.880334848,False
289,392.6237118244171,3.851418319419693,4.594302802089756,47.05976169443301,98.91914527915526,6.62817786891716,5.556422109815697,0.351638528,4.880334848,4.75539712,4.880334848,False
290,394.96201276779175,3.8482141697151344,4.592912647825675,46.90921648639374,98.7817279453227,6.626172300254299,5.551799498926664,0.351638528,4.880334848,4.75539712,4.880334848,False
291,400.9048249721527,3.846509172498032,4.59113878359276,46.82930454700389,98.60665789241375,6.623613155122263,5.549339707896821,0.351638528,4.880334848,4.75539712,4.880334848,False
292,402.6633713245392,3.8446508177515937,4.590734882861708,46.74235989864835,98.56683863325961,6.623030449540562,5.546658668719922,0.351638528,4.880334848,4.75539712,4.880334848,False
293,393.9478483200073,3.8403306784654396,4.589128521163191,46.540861956300766,98.40863174170055,6.620712959484239,5.540426025195838,0.351638528,4.880334848,4.75539712,4.880334848,False
294,393.1742196083069,3.8402891999698117,4.590258339345698,46.53893155139701,98.51987843559289,6.622342942573247,5.540366184375892,0.351638528,4.880334848,4.75539712,4.880334848,False
295,393.265743970871,3.8394539710593993,4.588397136379911,46.500077118737074,98.33668348004039,6.619657794284419,5.539161203768833,0.351638528,4.880334848,4.75539712,4.880334848,False
296,391.9988806247711,3.837333615051882,4.590150216164419,46.40158485709869,98.50922672877584,6.622186953795811,5.536102176671869,0.351638528,4.880334848,4.75539712,4.880334848,False
297,392.13564586639404,3.8331084131127553,4.588103167694501,46.2059423962904,98.30777982306333,6.619233687119801,5.530006498787536,0.351638528,4.880334848,4.75539712,4.880334848,False
298,392.6648759841919,3.831590849111033,4.586152513724922,46.135875100693966,98.1162022736115,6.6164194883114,5.52781711672802,0.351638528,4.880334848,4.75539712,4.880334848,False
299,393.04756927490234,3.827912372724131,4.586651112608448,45.96647712778164,98.16513510043356,6.6171388144480545,5.52251019708661,0.351638528,4.880334848,4.75539712,4.880334848,False
300,392.9251627922058,3.82717111429484,4.583856871433946,45.93241671448967,97.89122090741552,6.6131075765625535,5.521440787226655,0.351638528,4.880334848,4.75539712,4.880334848,False
301,392.8893663883209,3.8235457434316684,4.584156182325077,45.766196156898445,97.92052520130757,6.613539390900871,5.5162104826609735,0.351638528,4.880334848,4.75539712,4.880334848,False
302,393.21816635131836,3.82188759407507,4.584321608348109,45.690371849573104,97.93672514427394,6.613778050203933,5.513818278807155,0.351638528,4.880334848,4.75539712,4.880334848,False
303,392.977920293808,3.819219614711272,4.584003968196152,45.56863335046826,97.90562144816982,6.613319792331918,5.50996919820981,0.351638528,4.880334848,4.75539712,4.880334848,False
304,393.18997979164124,3.8182803812407204,4.583624366890101,45.525853857928695,97.86846339946649,6.612772143410163,5.508614170739608,0.351638528,4.880334848,4.75539712,4.880334848,False
305,393.19494676589966,3.8169503119504644,4.584878141782392,45.46534156948879,97.9912453760196,6.614580958229663,5.506695286370517,0.351638528,4.880334848,4.75539712,4.880334848,False
306,393.0191881656647,3.813922420374449,4.5821239143197765,45.3278856505771,97.72172652539476,6.610607447927867,5.50232696220945,0.351638528,4.880334848,4.75539712,4.880334848,False
307,395.2352547645569,3.809811836534443,4.582213092697388,45.141944002506776,97.73044157901506,6.610736105131002,5.496396643288315,0.351638528,4.880334848,4.75539712,4.880334848,False
308,396.32650995254517,3.8087860004734404,4.581680504519796,45.09565951269353,97.67840535940697,6.609967742808354,5.494916674690342,0.351638528,4.880334848,4.75539712,4.880334848,False
309,398.1728148460388,3.8053639823581458,4.579308872918692,44.94160508777043,97.4470226522349,6.606546201658626,5.489979746125574,0.351638528,4.880334848,4.75539712,4.880334848,False
310,398.12044644355774,3.805077168622701,4.5792275027980445,44.92871706645744,97.43909369883926,6.606428809389091,5.489565961371789,0.351638528,4.880334848,4.75539712,4.880334848,False
311,399.138747215271,3.80334888243048,4.5779197074418345,44.85113444691376,97.31174659471276,6.6045420595141895,5.487072571453035,0.351638528,4.880334848,4.75539712,4.880334848,False
312,399.1557800769806,3.7988224103905366,4.577135468744992,44.648575824701005,97.23546087439267,6.6034106422353815,5.480542252688286,0.351638528,4.880334848,4.75539712,4.880334848,False
313,398.7336881160736,3.7963094260591075,4.576406940781459,44.53651551510657,97.16464791983947,6.6023595985552435,5.476916782655501,0.351638528,4.880334848,4.75539712,4.880334848,False
314,398.1430552005768,3.794474311789297,4.576968893113743,44.454860865678675,97.21926516506039,6.603170324398245,5.474269272398981,0.351638528,4.880334848,4.75539712,4.880334848,False
315,398.7882089614868,3.794028690716811,4.578219098323142,44.435055256128706,97.34088520598696,6.604973989253939,5.47362637708759,0.351638528,4.880334848,4.75539712,4.880334848,False
316,398.43204832077026,3.791005569646311,4.575688157263959,44.30092555163686,97.09483266646346,6.6013226131390725,5.469264935311173,0.351638528,4.880334848,4.75539712,4.880334848,False
317,398.6218454837799,3.7914985775591914,4.576917204133922,44.322771643187245,97.21424013029566,6.603095752963389,5.469976195382205,0.351638528,4.880334848,4.75539712,4.880334848,False
318,397.62454438209534,3.7886826475364326,4.575978794103073,44.19813738285994,97.1230561029105,6.601741913465563,5.46591366710288,0.351638528,4.880334848,4.75539712,4.880334848,False
319,397.6957576274872,3.783594021669144,4.572791268452416,43.97380086407651,96.81396674714107,6.597143286016654,5.458572331799203,0.351638528,4.880334848,4.75539712,4.880334848,False
320,396.87091302871704,3.783994834339648,4.5728080676182,43.99142965331808,96.81559315467975,6.597167522089821,5.459150582251265,0.351638528,4.880334848,4.75539712,4.880334848,False
321,395.98400235176086,3.7831132563918723,4.576241863171583,43.95266486864485,97.14860953582182,6.602121441906113,5.457878734117852,0.351638528,4.880334848,4.75539712,4.880334848,False
322,392.586874961853,3.7775588183665554,4.574098191159122,43.7092092710185,96.94057783604114,6.599028776924443,5.449865373923802,0.351638528,4.880334848,4.75539712,4.880334848,False
323,392.510315656662,3.7796596744890163,4.573830290800322,43.80113255591202,96.91461089888779,6.598642278405349,5.452896268633298,0.351638528,4.880334848,4.75539712,4.880334848,False
324,392.8635652065277,3.776260176874093,4.572831553238531,43.65248351943596,96.81786695564342,6.597201404677805,5.447991830282734,0.351638528,4.880334848,4.75539712,4.880334848,False
325,404.33849811553955,3.774463591939038,4.574279138703704,43.57412853193793,96.9581205826816,6.599289829049673,5.4453999061063945,0.52218624,4.957405184,4.847301632,4.957405184,True
326,404.72899889945984,3.7728299132394443,4.572427679149317,43.5030005222786,96.77877262293241,6.596618737532151,5.443043005948084,0.52218624,4.957405184,4.847301632,4.957405184,True
327,404.2468914985657,3.7707546330222534,4.571259690262226,43.41281322023628,96.6658020790153,6.594933685756932,5.440049009470289,0.52218624,4.957405184,4.847301632,4.957405184,True
328,404.5673317909241,3.7681758000270635,4.571335811552912,43.30100305692409,96.67316068470456,6.595043505565512,5.436328539896847,0.52218624,4.957405184,4.847301632,4.957405184,True
329,404.7292232513428,3.764426678928347,4.568709189567845,43.138966290295855,96.41957002468209,6.591254091053365,5.430919701480037,0.52218624,4.957405184,4.847301632,4.957405184,True
330,404.26296281814575,3.7635093729186258,4.570096492961328,43.09941280136467,96.55342604936575,6.593255546779352,5.429596308648834,0.52218624,4.957405184,4.847301632,4.957405184,True
331,403.9944326877594,3.7626933413273536,4.569774953854061,43.064256665163256,96.52238533761908,6.592791663903846,5.428419023918897,0.52218624,4.957405184,4.847301632,4.957405184,True
332,398.9511535167694,3.760438476114503,4.567589538867538,42.96726196697389,96.31167419967034,6.589638776540505,5.425165941058444,0.52218624,4.957405184,4.847301632,4.957405184,True
333,397.6972529888153,3.7595468975193365,4.567945750774262,42.92897034844149,96.34598767584836,6.590152681691841,5.4238796650406345,0.52218624,4.957405184,4.847301632,4.957405184,True
334,403.4069097042084,3.757450025062882,4.56820198478885,42.839048083642105,96.37067795816994,6.590522349233994,5.420854517546331,0.52218624,4.957405184,4.847301632,4.957405184,True
335,401.83429431915283,3.753344532853063,4.565874465798052,42.663533239397644,96.14663420924991,6.5871644491283945,5.4149315442948165,0.52218624,4.957405184,4.847301632,4.957405184,True
336,402.74545311927795,3.751487657116589,4.567253677703386,42.584385865853534,96.27933228015358,6.589154231304555,5.412252638878259,0.52218624,4.957405184,4.847301632,4.957405184,True
337,399.5096392631531,3.7505038883228887,4.567221165931998,42.54251327579055,96.27620211939691,6.589107326733203,5.410833360518207,0.52218624,4.957405184,4.847301632,4.957405184,True
338,398.8900246620178,3.7475788818325233,4.566761680175723,42.41825796073444,96.23197473755897,6.5884444289112665,5.406613468159988,0.52218624,4.957405184,4.847301632,4.957405184,True
339,398.37454771995544,3.7468873466422377,4.566088006720816,42.38893438295554,96.16716764252571,6.587472523558692,5.405615793770363,0.52218624,4.957405184,4.847301632,4.957405184,True
340,398.2450966835022,3.7414388252462123,4.563239473814171,42.15860541297842,95.89362208767997,6.583362959260468,5.39775523897214,0.52218624,4.957405184,4.847301632,4.957405184,True
341,398.8479735851288,3.741492106593137,4.563569120899073,42.16085174010242,95.92523835148015,6.583838539475099,5.39783210770712,0.52218624,4.957405184,4.847301632,4.957405184,True
342,397.61567664146423,3.738341707959549,4.56069507532919,42.02823725432023,95.64994064373448,6.57969216818414,5.393287043221619,0.52218624,4.957405184,4.847301632,4.957405184,True
343,397.697007894516,3.736920255162317,4.563675170220234,41.968538538417626,95.93541169731822,6.583991536304828,5.3912363203201945,0.52218624,4.957405184,4.847301632,4.957405184,True
344,403.21894884109497,3.734140585779594,4.560224300805618,41.85204186293566,95.6049216862188,6.579012984113605,5.387226105086429,0.52218624,4.957405184,4.847301632,4.957405184,True
345,404.0449857711792,3.7320170674765047,4.562025556015975,41.763262581593736,95.77728573876254,6.581611646072963,5.384162515761325,0.52218624,4.957405184,4.847301632,4.957405184,True
346,400.2350070476532,3.7283637013447004,4.560676732941439,41.610964462314556,95.64818621152513,6.579665705712293,5.37889182256042,0.52218624,4.957405184,4.847301632,4.957405184,True
347,398.56163477897644,3.7286178722335035,4.559761232304192,41.621542102343035,95.56066030722079,6.578344917483006,5.3792585136412345,0.52218624,4.957405184,4.847301632,4.957405184,True
348,398.11760210990906,3.7274252319517,4.561680863212046,41.57193216392685,95.74427768673435,6.581114359474104,5.377537897421112,0.52218624,4.957405184,4.847301632,4.957405184,True
349,398.7991449832916,3.725178209785397,4.55863664355225,41.47862398289428,95.45325426864225,6.57672247886754,5.374296129685019,0.52218624,4.957405184,4.847301632,4.957405184,True
350,397.50774025917053,3.7208750043615018,4.560208139039328,41.300516434722304,95.60337655430443,6.578989667613527,5.368087916560039,0.52218624,4.957405184,4.847301632,4.957405184,True
351,398.02766823768616,3.7212483802073235,4.55991683188641,41.315939929179955,95.57553066292164,6.578569400228637,5.368626584041194,0.52218624,4.957405184,4.847301632,4.957405184,True
352,398.0192940235138,3.719731291426143,4.559157797661066,41.25330750171867,95.50301308918492,6.577474345315868,5.3664378875799965,0.52218624,4.957405184,4.847301632,4.957405184,True
353,397.8434884548187,3.717463572755363,4.558730915435324,41.15986259948574,95.46225325083654,6.576858484445746,5.363166261099531,0.52218624,4.957405184,4.847301632,4.957405184,True
354,397.8837113380432,3.714655147583012,4.556573198389354,41.044430372527025,95.25649478385618,6.5737455567638845,5.359114560030672,0.52218624,4.957405184,4.847301632,4.957405184,True
355,397.4698188304901,3.7142680388399665,4.557265935178239,41.02854478959889,95.32250532349804,6.57474496469385,5.358556080166796,0.52218624,4.957405184,4.847301632,4.957405184,True
356,397.6922171115875,3.7129473595687745,4.557969285506106,40.97439500608705,95.38957402250121,6.575759684723871,5.356650742731642,0.52218624,4.957405184,4.847301632,4.957405184,True
357,397.923996925354,3.70850267881037,4.555730413220134,40.792681030471066,95.17624784299616,6.572529674779716,5.350238423843157,0.52218624,4.957405184,4.847301632,4.957405184,True
358,398.9672694206238,3.70788364841067,4.555674525305673,40.7674369350653,95.1709287896348,6.572449045562678,5.349345351755351,0.52218624,4.957405184,4.847301632,4.957405184,True
359,397.87869572639465,3.7056063648676014,4.554295165900263,40.67470355201998,95.03974436991841,6.570459050588888,5.346059926081067,0.52218624,4.957405184,4.847301632,4.957405184,True
360,397.6860785484314,3.703667557785949,4.556545703366484,40.595919546901634,95.25387574035908,6.57370588983074,5.3432628187191265,0.52218624,4.957405184,4.847301632,4.957405184,True
361,397.89845180511475,3.7018159224083664,4.55508248787247,40.52082025579205,95.11460071304883,6.571594916093774,5.3405914735423545,0.52218624,4.957405184,4.847301632,4.957405184,True
362,397.58707332611084,3.7021626706429864,4.556597683143254,40.53487321495969,95.25882714424185,6.573780880796913,5.341091725500878,0.52218624,4.957405184,4.847301632,4.957405184,True
363,398.0550310611725,3.698548657802957,4.553334665324328,40.388644058875,94.94850246667934,6.569073341171215,5.335877807098858,0.52218624,4.957405184,4.847301632,4.957405184,True
364,399.3637754917145,3.6963212395024745,4.552718064052353,40.29878177157172,94.8899751451511,6.568183773573932,5.332664321762767,0.52218624,4.957405184,4.847301632,4.957405184,True
365,397.8853256702423,3.693847114683523,4.553784323605154,40.199200794098125,94.99120644744526,6.569722060943058,5.329094914155925,0.52218624,4.957405184,4.847301632,4.957405184,True
366,398.4843955039978,3.693170782541369,4.553297244212412,40.17202197450283,94.94494945462154,6.56901935391863,5.328119173128445,0.52218624,4.957405184,4.847301632,4.957405184,True
367,397.69736099243164,3.6916295395719994,4.552831118042824,40.1101548164772,94.90070344192387,6.568346876005337,5.325895629539731,0.52218624,4.957405184,4.847301632,4.957405184,True
368,397.81147813796997,3.6878953011727185,4.551271590625234,39.96065324713836,94.7528185382115,6.566096953533849,5.320508262319591,0.52218624,4.957405184,4.847301632,4.957405184,True
369,399.3895490169525,3.6873423577260285,4.551977015977181,39.93856337358814,94.81968315980365,6.567114667190822,5.319710533551159,0.52218624,4.957405184,4.847301632,4.957405184,True
370,398.5339460372925,3.6864356336989377,4.5511598201634795,39.90236653132305,94.74222856376514,6.565935702842959,5.318402407293821,0.52218624,4.957405184,4.847301632,4.957405184,True
371,398.30752754211426,3.684379225602343,4.551361755656136,39.8203952937598,94.76136231419217,6.566227034176793,5.315435637530819,0.52218624,4.957405184,4.847301632,4.957405184,True
372,397.76227831840515,3.682051966951441,4.550350658803701,39.72783068699951,94.66559782077128,6.564768329761928,5.312078113016297,0.52218624,4.957405184,4.847301632,4.957405184,True
373,397.6978352069855,3.6795400462889045,4.552294454569412,39.62816275958881,94.84978736440704,6.56757263427362,5.30845417753335,0.52218624,4.957405184,4.847301632,4.957405184,True
374,398.1512451171875,3.6776033809652553,4.5494973656282145,39.551490539112095,94.58485476584545,6.563537287929228,5.3056601600750595,0.52218624,4.957405184,4.847301632,4.957405184,True
375,397.595139503479,3.674039066726999,4.548309492877353,39.410767537720695,94.47256669939568,6.561823549802353,5.300517941599357,0.52218624,4.957405184,4.847301632,4.957405184,True
376,397.4993243217468,3.6757314259487988,4.550533050827324,39.47752118324284,94.68286564543416,6.5650314658299065,5.30295949985605,0.52218624,4.957405184,4.847301632,4.957405184,True
377,399.4917175769806,3.672646930038622,4.548322287037795,39.35594053451044,94.4737754043036,6.5618420078741755,5.298509512902796,0.52218624,4.957405184,4.847301632,4.957405184,True
378,397.80174255371094,3.6720532753424235,4.547464763177324,39.33258362924303,94.39279661329063,6.560604862453229,5.2976530502165895,0.52218624,4.957405184,4.847301632,4.957405184,True
379,397.87985014915466,3.668058085771379,4.545584934527938,39.17575598800445,94.21552100600813,6.5578928429830405,5.291889210035033,0.52218624,4.957405184,4.847301632,4.957405184,True
380,397.8283152580261,3.664801377282739,4.547274643274902,39.048379497559424,94.37485236984212,6.560330577412831,5.2871907728488505,0.52218624,4.957405184,4.847301632,4.957405184,True
381,397.8091170787811,3.6664201661697855,4.549013866264709,39.1116417706648,94.5391341026154,6.562839745795227,5.289526191548439,0.52218624,4.957405184,4.847301632,4.957405184,True
382,398.56000113487244,3.6634579575220227,4.546241555848935,38.99595635394631,94.27740524090005,6.558840147306584,5.285252627822233,0.52218624,4.957405184,4.847301632,4.957405184,True
383,398.23772382736206,3.6608278537333288,4.546182844999007,38.893527699437584,94.27187029679155,6.558755445454546,5.281458190129261,0.52218624,4.957405184,4.847301632,4.957405184,True
384,398.25198340415955,3.661229939327545,4.54544710181805,38.909169371068465,94.20253592033967,6.557693992416012,5.28203827702205,0.52218624,4.957405184,4.847301632,4.957405184,True
385,398.3303291797638,3.6565451479100393,4.543304191231889,38.72731433738879,94.00088444657806,6.554602425940289,5.275279551676415,0.52218624,4.957405184,4.847301632,4.957405184,True
386,397.7411279678345,3.6541150789258277,4.545044974644462,38.6333185463595,94.16466213637439,6.55711384553687,5.271773703203875,0.52218624,4.957405184,4.847301632,4.957405184,True
387,398.10713171958923,3.653539306916355,4.543641370779006,38.61108096541013,94.03258496630744,6.555088873200804,5.270943039781126,0.52218624,4.957405184,4.847301632,4.957405184,True
388,397.85731315612793,3.6532869636446668,4.545351828150158,38.60133894813386,94.19356132674584,6.557556541567817,5.27057898539446,0.52218624,4.957405184,4.847301632,4.957405184,True
389,398.2332532405853,3.6500957027696033,4.544217293069134,38.47834835733332,94.08675602565087,6.555919753432709,5.265974969155822,0.52218624,4.957405184,4.847301632,4.957405184,True
390,397.8070306777954,3.6464657588221048,4.542239595047982,38.33892730799099,93.900864713472,6.553066538305217,5.260738067024062,0.52218624,4.957405184,4.847301632,4.957405184,True
391,397.93377566337585,3.6459423462355853,4.543121330389525,38.31886548164856,93.98369693717429,6.554338613509837,5.259982942281151,0.52218624,4.957405184,4.847301632,4.957405184,True
392,398.2774977684021,3.6440827379648297,4.54422677814524,38.24767361747859,94.08764844992467,6.55593343750497,5.257300094650936,0.52218624,4.957405184,4.847301632,4.957405184,True
393,398.48723316192627,3.6441674888182503,4.545430511519099,38.25091527782382,94.20097308507074,6.557670057673988,5.257422364286877,0.52218624,4.957405184,4.847301632,4.957405184,True
394,397.7103886604309,3.6398508293957836,4.543512077877312,38.08615496688519,94.02042800646466,6.554902342972708,5.251194741144878,0.52218624,4.957405184,4.847301632,4.957405184,True
395,399.58080887794495,3.638228481301519,4.542993935589419,38.02441606049682,93.97172466550857,6.554154821663491,5.248854187594686,0.52218624,4.957405184,4.847301632,4.957405184,True
396,398.60335326194763,3.63591511171298,4.542599763655552,37.93655320157789,93.93469094837378,6.553586151769243,5.2455167007615575,0.52218624,4.957405184,4.847301632,4.957405184,True
397,398.42219591140747,3.6358277612111416,4.540857555357331,37.933239569343534,93.77117962706177,6.551072676497203,5.245390680625737,0.52218624,4.957405184,4.847301632,4.957405184,True
398,398.91454696655273,3.6323895897359617,4.540805864178911,37.80304253521466,93.76633260956017,6.550998101890439,5.240430447688769,0.52218624,4.957405184,4.847301632,4.957405184,True
399,398.00524044036865,3.6309088457881966,4.541020456031632,37.74710733185076,93.78645625970611,6.551307692492174,5.238294185738502,0.52218624,4.957405184,4.847301632,4.957405184,True
400,398.1900882720947,3.6278274052829187,4.541073893026378,37.63097089202185,93.79146805998313,6.551384785779495,5.233848606802742,0.52218624,4.957405184,4.847301632,4.957405184,True
401,398.18950605392456,3.6286035373600836,4.541065651839556,37.66018883264978,93.79069511015757,6.551372896260136,5.234968328701544,0.52218624,4.957405184,4.847301632,4.957405184,True
402,398.43696331977844,3.6281194135946797,4.540885465203956,37.64196105283301,93.77379680282532,6.55111294189452,5.234269885746018,0.52218624,4.957405184,4.847301632,4.957405184,True
403,398.0326774120331,3.625919002228259,4.541892107955026,37.559224314690475,93.86824104344707,6.552565220399437,5.231095363179768,0.52218624,4.957405184,4.847301632,4.957405184,True
404,400.1084051132202,3.6227603258076546,4.539355536803082,37.440774049984384,93.6304392991599,6.548905721777665,5.2265383563719885,0.52218624,4.957405184,4.847301632,4.957405184,True
405,398.0554573535919,3.621488410345998,4.53725237971824,37.3931828229985,93.43372670863961,6.545871507481152,5.224703370243026,0.52218624,4.957405184,4.847301632,4.957405184,True
406,398.1412971019745,3.6211073922373784,4.537921504984712,37.378938057133226,93.49626649706391,6.546836851184826,5.224153677307233,0.52218624,4.957405184,4.847301632,4.957405184,True
407,398.7445685863495,3.617929680417927,4.537055274739898,37.2603470876261,93.41531227080864,6.5455871451063645,5.219569208223936,0.52218624,4.957405184,4.847301632,4.957405184,True
408,398.14172077178955,3.6161606950684875,4.537229424671393,37.19449234472407,93.4315819576825,6.545838390348903,5.217017101832894,0.52218624,4.957405184,4.847301632,4.957405184,True
409,397.94434571266174,3.6140791458717554,4.536481753965687,37.11715070220377,93.36175200902147,6.544759729529564,5.214014061129403,0.52218624,4.957405184,4.847301632,4.957405184,True
410,397.55224776268005,3.6127779000103555,4.5352733483119225,37.06888357397665,93.24900127807905,6.543016368685495,5.212136760178184,0.52218624,4.957405184,4.847301632,4.957405184,True
411,397.67154335975647,3.610148924231885,4.53588120478875,36.97155836578857,93.305700518218,6.543893320210187,5.208343949859967,0.52218624,4.957405184,4.847301632,4.957405184,True
412,398.5062654018402,3.6107133933125004,4.537241594235943,36.99243355849436,93.43271898626868,6.545855947319329,5.209158306603306,0.52218624,4.957405184,4.847301632,4.957405184,True
413,398.1788160800934,3.6106572845682465,4.539008958313179,36.990358017729044,93.59799462553643,6.548405714709003,5.20907735879622,0.52218624,4.957405184,4.847301632,4.957405184,True
414,398.2300498485565,3.604155471404458,4.535833306968261,36.750633786616305,93.30123148555326,6.543824218262097,5.199697225188036,0.52218624,4.957405184,4.847301632,4.957405184,True
415,397.9690339565277,3.605192741857559,4.5341447437556415,36.78877391056805,93.14381939590828,6.541388136489024,5.201193690126786,0.52218624,4.957405184,4.847301632,4.957405184,True
416,398.19656133651733,3.606132814869313,4.533891037288384,36.82337430495723,93.12019120398173,6.54102211542687,5.202549928798916,0.52218624,4.957405184,4.847301632,4.957405184,True
417,398.0222969055176,3.6022826372073666,4.533827964031571,36.68187035424879,93.11431799547059,6.540931119952052,5.196995296579485,0.52218624,4.957405184,4.847301632,4.957405184,True
418,398.0252342224121,3.598687804679674,4.534186913451755,36.550241906386574,93.14774732528629,6.541448974500483,5.191809049518956,0.52218624,4.957405184,4.847301632,4.957405184,True
419,398.19408106803894,3.5977633512857516,4.534147411883928,36.51646852457152,93.14406791589904,6.541391985784471,5.190475345192012,0.52218624,4.957405184,4.847301632,4.957405184,True
420,397.95063495635986,3.597317433984486,4.5342705585395935,36.500188829443914,93.15553900265648,6.541569648853902,5.189832022512829,0.52218624,4.957405184,4.847301632,4.957405184,True
421,397.84973192214966,3.5947314195914872,4.533143445214897,36.40592075761364,93.05060130282642,6.539943568049842,5.186101192372383,0.52218624,4.957405184,4.847301632,4.957405184,True
422,397.6807224750519,3.5933883060179075,4.5330145342873145,36.35705629389344,93.03860683662587,6.539757588893903,5.1841634890804285,0.52218624,4.957405184,4.847301632,4.957405184,True
423,397.7476894855499,3.59043518159006,4.531256970397043,36.24984776080957,92.87522915626093,6.537221960185362,5.179903031113245,0.52218624,4.957405184,4.847301632,4.957405184,True
424,397.6991422176361,3.589813634377364,4.5306864550419546,36.22732376956029,92.82225752392156,6.536398880511825,5.17900632803181,0.52218624,4.957405184,4.847301632,4.957405184,True
425,398.0033333301544,3.590636043067479,4.533543050984299,36.257129690092064,93.08779229032508,6.54052007731167,5.180192812970622,0.52218624,4.957405184,4.847301632,4.957405184,True
426,397.98481035232544,3.586422911432658,4.5317379872198185,36.104694969261594,92.91991445023172,6.537915920770165,5.174114548854454,0.52218624,4.957405184,4.847301632,4.957405184,True
427,397.8652186393738,3.582826857454317,4.528989591862342,35.9750937035169,92.66488441096212,6.533950824417532,5.168926539613133,0.52218624,4.957405184,4.847301632,4.957405184,True
428,397.95786476135254,3.583774261821212,4.532060306635464,36.00919281466391,92.9498691699937,6.538380929392699,5.170293355194968,0.52218624,4.957405184,4.847301632,4.957405184,True
429,398.0572829246521,3.582385054700317,4.529574666722926,35.95920331850967,92.71911616856184,6.534794909017445,5.168289152970885,0.52218624,4.957405184,4.847301632,4.957405184,True
430,397.8969826698303,3.5804017133301502,4.529778343246725,35.88795462152955,92.73800279914909,6.535088752128274,5.165427796211756,0.52218624,4.957405184,4.847301632,4.957405184,True
431,397.8146800994873,3.5792746150076535,4.531953013683678,35.84752815465893,92.93989683915228,6.5382261383832345,5.163801737051296,0.52218624,4.957405184,4.847301632,4.957405184,True
432,399.40231442451477,3.5775629526753394,4.530141993528593,35.786221773889274,92.77173313265784,6.535613388586544,5.161332330292789,0.52218624,4.957405184,4.847301632,4.957405184,True
433,397.62527775764465,3.575285223980793,4.5293746897933085,35.7048032295631,92.70057633822456,6.534506403292793,5.158046262400677,0.52218624,4.957405184,4.847301632,4.957405184,True
434,397.68388199806213,3.571712235690521,4.5285815523994435,35.57745802266059,92.62708119442408,6.533362147907921,5.1528915299131475,0.52218624,4.957405184,4.847301632,4.957405184,True
435,397.7685492038727,3.5722841847256523,4.5305755799916625,35.597812335709065,92.81196642197415,6.536238921626611,5.153716677949772,0.52218624,4.957405184,4.847301632,4.957405184,True
436,397.8302569389343,3.5695293528425167,4.527703616235649,35.49988130101915,92.54579621682848,6.5320955537581975,5.14974229565349,0.52218624,4.957405184,4.847301632,4.957405184,True
437,399.17175936698914,3.568010410384366,4.528166948439534,35.44599995574277,92.58868559979878,6.532764000831026,5.14755092490172,0.52218624,4.957405184,4.847301632,4.957405184,True
438,398.19115138053894,3.56443142554674,4.52639590371486,35.31936600501402,92.42485201772678,6.530208923389547,5.142387541225061,0.52218624,4.957405184,4.847301632,4.957405184,True
439,397.94667983055115,3.5672097920013504,4.527932185417985,35.41763259380481,92.56695175145789,6.532425309384053,5.146395876730899,0.52218624,4.957405184,4.847301632,4.957405184,True
440,398.39508056640625,3.565176896619577,4.527744995147709,35.345705387085616,92.5496257404219,6.532155250909424,5.143463028644969,0.52218624,4.957405184,4.847301632,4.957405184,True
441,398.35876297950745,3.5645499049016767,4.529596284957381,35.323550868620146,92.72112061381985,6.534826097537086,5.142558470802875,0.52218624,4.957405184,4.847301632,4.957405184,True
442,397.91222739219666,3.5601960731322184,4.52845484556659,35.17009237927265,92.61534545384443,6.533179348588516,5.136277219300213,0.52218624,4.957405184,4.847301632,4.957405184,True
443,397.64265727996826,3.559070608303545,4.525403968292683,35.130531943394026,92.33321798815433,6.52877786307509,5.134653516773191,0.52218624,4.957405184,4.847301632,4.957405184,True
444,398.89043283462524,3.558697451282912,4.528458672420811,35.117425184352435,92.61569987994828,6.533184869572123,5.1341151649900505,0.52218624,4.957405184,4.847301632,4.957405184,True
445,399.15228843688965,3.5553516541712,4.526593488052281,35.00012574408839,92.44311552510604,6.530493977333302,5.129288200089163,0.52218624,4.957405184,4.847301632,4.957405184,True
446,399.7425162792206,3.5541545110308834,4.525996273825542,34.958250653883255,92.38792366367316,6.529632379330036,5.127561087617394,0.52218624,4.957405184,4.847301632,4.957405184,True
447,398.05428886413574,3.551421798339277,4.525194355812311,34.86285020901689,92.31386582160977,6.528475456189149,5.123618616569039,0.52218624,4.957405184,4.847301632,4.957405184,True
448,399.26691794395447,3.550443188750327,4.526305544819326,34.82874977773018,92.4165009874792,6.53007856305906,5.122206781368095,0.52218624,4.957405184,4.847301632,4.957405184,True
449,398.18729543685913,3.5502578775702305,4.525307476989357,34.82229621898435,92.32430906543406,6.528638655550292,5.121939433847548,0.52218624,4.957405184,4.847301632,4.957405184,True
450,399.6188542842865,3.5488716087465466,4.524041858571701,34.77405659963241,92.20753563037576,6.526812754135483,5.119939470690281,0.52218624,4.957405184,4.847301632,4.957405184,True
451,402.7989134788513,3.5438284324312845,4.521753708715519,34.59912637374858,91.99679216924218,6.5235116516851575,5.112663705229924,0.52218624,4.957405184,4.847301632,4.957405184,True
452,405.77176237106323,3.546284640161914,4.525133193848674,34.68421346843346,92.3082198969649,6.528387218127519,5.116207263942296,0.52218624,4.957405184,4.847301632,4.957405184,True
453,404.95874428749084,3.5447474440359183,4.525064799660811,34.630937987778516,92.30190676712508,6.528288546171863,5.113989558714448,0.52218624,4.957405184,4.847301632,4.957405184,True
454,404.2729125022888,3.54280378710522,4.523298865513068,34.56369269719948,92.13905151620992,6.525740841734377,5.111185454499339,0.52218624,4.957405184,4.847301632,4.957405184,True
455,404.88495421409607,3.5408570044791436,4.522810724197379,34.49647015583225,92.09408561412667,6.525036602678981,5.108376840859011,0.52218624,4.957405184,4.847301632,4.957405184,True
456,414.2640233039856,3.538280357860568,4.5234075031016685,34.40769935725466,92.14906182432061,6.5258975726447055,5.104659525560269,0.52218624,4.957405184,4.847301632,4.957405184,True
457,418.2224462032318,3.5378403983078646,4.524299421832915,34.392564690800555,92.23128796269401,6.527184339375151,5.1040247980953914,0.52218624,4.957405184,4.847301632,4.957405184,True
458,421.5312249660492,3.5355255612843335,4.521480601300125,34.31304358343113,91.97167059370875,6.523117640971338,5.100685194201077,0.52218624,4.957405184,4.847301632,4.957405184,True
459,404.4515583515167,3.535429975027504,4.525168591280245,34.30976388478411,92.3114874286929,6.528438285826506,5.100547292382371,0.52218624,4.957405184,4.847301632,4.957405184,True
460,397.2807705402374,3.532249167581739,4.520645371678401,34.20080451361319,91.89488520125045,6.521912659338074,5.095958357254344,0.52218624,4.957405184,4.847301632,4.957405184,True
461,397.65411019325256,3.530366304608131,4.522394240888632,34.13646967097998,92.05573795076921,6.524435744274838,5.093241960179647,0.52218624,4.957405184,4.847301632,4.957405184,True
462,397.3957529067993,3.529990195322722,4.521417064656402,34.123633041904654,91.96582720807812,6.5230259769705246,5.092699349178755,0.52218624,4.957405184,4.847301632,4.957405184,True
463,403.5963091850281,3.5287943382330433,4.520814825339404,34.08285044334588,91.91045844540957,6.522157129294463,5.0909740920858635,0.52218624,4.957405184,4.847301632,4.957405184,True
464,404.5445804595947,3.5270038639137926,4.522305278490965,34.021880573681244,92.04754881587003,6.524307398664898,5.088390983664641,0.52218624,4.957405184,4.847301632,4.957405184,True
465,407.55114579200745,3.5245011825370116,4.521053200269864,33.93684110450077,91.93237020605353,6.52250103162451,5.084780377653434,0.52218624,4.957405184,4.847301632,4.957405184,True
466,405.0382239818573,3.521403766046994,4.519243064080599,33.831887200132165,91.76611061742481,6.5198895571209246,5.080311750243718,0.52218624,4.957405184,4.847301632,4.957405184,True
467,403.71166038513184,3.5228755229658186,4.520997233852514,33.881716173269425,91.92722522462901,6.522420289151743,5.0824350466519,0.52218624,4.957405184,4.847301632,4.957405184,True
468,399.3121438026428,3.5214282933502363,4.5212080941020485,33.8327170152653,91.94661106605876,6.522724496188068,5.080347135662472,0.52218624,4.957405184,4.847301632,4.957405184,True
469,397.5655450820923,3.517816238555929,4.519959576834111,33.710731828782464,91.83188576757537,6.52092326651715,5.075136042123305,0.52218624,4.957405184,4.847301632,4.957405184,True
470,397.40126395225525,3.518219255321162,4.5206416192531975,33.72432055693645,91.89454037321413,6.521907245732842,5.0757174724119025,0.52218624,4.957405184,4.847301632,4.957405184,True
471,397.45404601097107,3.514757703887695,4.518320934992998,33.607783901947556,91.68152942095267,6.518559206059183,5.070723509325058,0.52218624,4.957405184,4.847301632,4.957405184,True
472,397.41794419288635,3.514063265965759,4.519551228791483,33.58445348403485,91.79439405212663,6.520334144821094,5.069721647178875,0.52218624,4.957405184,4.847301632,4.957405184,True
473,397.8447539806366,3.512570135956183,4.519271017252542,33.5343449472721,91.76867580714591,6.519929885023464,5.0675675159186575,0.52218624,4.957405184,4.847301632,4.957405184,True
474,397.7282249927521,3.5118747131269026,4.518316238075858,33.511032505172544,91.68109880141704,6.518552429840118,5.066564232851533,0.52218624,4.957405184,4.847301632,4.957405184,True
475,397.5967011451721,3.5085998619349628,4.518591012352037,33.40146836148287,91.7062938702994,6.518948845325726,5.061839621277272,0.52218624,4.957405184,4.847301632,4.957405184,True
476,397.44957399368286,3.506984244849192,4.518373209575925,33.347547947607865,91.68632215993341,6.518634622340736,5.059508778519656,0.52218624,4.957405184,4.847301632,4.957405184,True
477,397.6393029689789,3.5077786452084143,4.519168918941737,33.37404977681423,91.75930685864617,6.519782588296781,5.060654855978386,0.52218624,4.957405184,4.847301632,4.957405184,True
478,397.5531325340271,3.5065654849566386,4.520000994868288,33.33358625551477,91.83568934252634,6.52098302010966,5.058904635699346,0.52218624,4.957405184,4.847301632,4.957405184,True
479,397.30353808403015,3.504314430431845,4.519387483338143,33.2586349267603,91.77936436801326,6.520097910067592,5.055657050499655,0.52218624,4.957405184,4.847301632,4.957405184,True
480,397.6796464920044,3.501352782620626,4.517513986587007,33.16028028122763,91.60757699883514,6.517395025595606,5.05138429588955,0.52218624,4.957405184,4.847301632,4.957405184,True
481,397.5446207523346,3.500507882464569,4.518140502243725,33.132274987747515,91.66498856284281,6.518298896626592,5.05016536262436,0.52218624,4.957405184,4.847301632,4.957405184,True
482,398.1464352607727,3.497405184812264,4.51684031119216,33.02963486889614,91.54588401108667,6.516423117444292,5.045689116108002,0.52218624,4.957405184,4.847301632,4.957405184,True
483,399.02689385414124,3.497476002566692,4.515656754418961,33.031974036293455,91.43759835375901,6.514715605956987,5.045791284531123,0.52218624,4.957405184,4.847301632,4.957405184,True
484,397.3836522102356,3.497197853636218,4.515608174063049,33.02278750571487,91.43315639058419,6.514645519318428,5.045390000448498,0.52218624,4.957405184,4.847301632,4.957405184,True
485,397.7403452396393,3.495590600600112,4.516470479680685,32.96975416065464,91.51203371827185,6.515889563356723,5.043071224463855,0.52218624,4.957405184,4.847301632,4.957405184,True
486,400.39232540130615,3.4934930236222526,4.515190469626977,32.900670043318456,91.39497233093653,6.51404289919995,5.040045060560014,0.52218624,4.957405184,4.847301632,4.957405184,True
487,404.2955424785614,3.4912089422721024,4.51406854467079,32.825607993013065,91.29249152924244,6.51242430362941,5.036749827723166,0.52218624,4.957405184,4.847301632,4.957405184,True
488,404.7370150089264,3.490520644517717,4.517132860876403,32.803021974589704,91.57266964842168,6.5168451774229625,5.035756823966259,0.52218624,4.957405184,4.847301632,4.957405184,True
489,404.3220462799072,3.4890374427957846,4.515440564314654,32.75440453955683,91.41783258649193,6.514403709565613,5.033617016197389,0.52218624,4.957405184,4.847301632,4.957405184,True
490,404.2828426361084,3.4885178816360543,4.515858653311423,32.73739104330662,91.45606136736434,6.515006884487903,5.032867447888807,0.52218624,4.957405184,4.847301632,4.957405184,True
491,398.388267993927,3.486371693909896,4.514829674677568,32.66720579875838,91.36200343438146,6.513522382115659,5.029771153499462,0.52218624,4.957405184,4.847301632,4.957405184,True
492,397.6458218097687,3.4841045259233088,4.51248497461154,32.5932276476957,91.14803787944686,6.510139694958029,5.026500321488351,0.52218624,4.957405184,4.847301632,4.957405184,True
493,397.3797826766968,3.483716609195412,4.515876814250155,32.58058664146242,91.45772231037355,6.515033085184149,5.025940675948736,0.52218624,4.957405184,4.847301632,4.957405184,True
494,398.48627853393555,3.483237655433756,4.514151423417814,32.56498578327662,91.3000580501006,6.512543872386735,5.02524969173198,0.52218624,4.957405184,4.847301632,4.957405184,True
495,397.3268349170685,3.478769310774569,4.513186877421127,32.41979881724563,91.21203740141742,6.511152326660606,5.018803233051188,0.52218624,4.957405184,4.847301632,4.957405184,True
496,397.73089814186096,3.4781866071021814,4.5138445462448535,32.40091318431496,91.2720444449829,6.512101142211144,5.0179625693527266,0.52218624,4.957405184,4.847301632,4.957405184,True
497,397.96749091148376,3.4789978553843364,4.5148695784595425,32.427209034265374,91.36564919658665,6.513579951104027,5.019132953226321,0.52218624,4.957405184,4.847301632,4.957405184,True
498,397.525141954422,3.4759798252973773,4.512941605682,32.32949027501424,91.18966840972757,6.510798474338897,5.014778856186612,0.52218624,4.957405184,4.847301632,4.957405184,True
499,397.78136944770813,3.4750363597192186,4.51226387497271,32.299002897937235,91.12788730891573,6.509820715605547,5.013417723075753,0.52218624,4.957405184,4.847301632,4.957405184,True
500,397.3302888870239,3.471059685578539,4.511274194148358,32.17081533735107,91.03774439999425,6.508392907988191,5.007680595013763,0.52218624,4.957405184,4.847301632,4.957405184,True
